Year,Year ending,Local Government Area,Charge Status,Incidents Recorded
2022,March,Alpine,Charges laid,149
2022,March,Alpine,No charges laid,114
2022,March,Alpine,Unsolved,108
2022,March,Ararat,Charges laid,467
2022,March,Ararat,No charges laid,217
2022,March,Ararat,Unsolved,276
2022,March,Ballarat,Charges laid,2512
2022,March,Ballarat,No charges laid,1083
2022,March,Ballarat,Unsolved,3999
2022,March,Banyule,Charges laid,2087
2022,March,Banyule,No charges laid,882
2022,March,Banyule,Unsolved,2275
2022,March,Bass Coast,Charges laid,811
2022,March,Bass Coast,No charges laid,539
2022,March,Bass Coast,Unsolved,797
2022,March,Baw Baw,Charges laid,1273
2022,March,Baw Baw,No charges laid,773
2022,March,Baw Baw,Unsolved,990
2022,March,Bayside,Charges laid,786
2022,March,Bayside,No charges laid,553
2022,March,Bayside,Unsolved,2007
2022,March,Benalla,Charges laid,420
2022,March,Benalla,No charges laid,219
2022,March,Benalla,Unsolved,339
2022,March,Boroondara,Charges laid,1330
2022,March,Boroondara,No charges laid,663
2022,March,Boroondara,Unsolved,3455
2022,March,Brimbank,Charges laid,4014
2022,March,Brimbank,No charges laid,1669
2022,March,Brimbank,Unsolved,6647
2022,March,Buloke,Charges laid,52
2022,March,Buloke,No charges laid,83
2022,March,Buloke,Unsolved,89
2022,March,Campaspe,Charges laid,843
2022,March,Campaspe,No charges laid,580
2022,March,Campaspe,Unsolved,996
2022,March,Cardinia,Charges laid,1424
2022,March,Cardinia,No charges laid,1034
2022,March,Cardinia,Unsolved,2160
2022,March,Casey,Charges laid,4446
2022,March,Casey,No charges laid,2883
2022,March,Casey,Unsolved,6825
2022,March,Central Goldfields,Charges laid,319
2022,March,Central Goldfields,No charges laid,238
2022,March,Central Goldfields,Unsolved,266
2022,March,Colac-Otway,Charges laid,457
2022,March,Colac-Otway,No charges laid,364
2022,March,Colac-Otway,Unsolved,393
2022,March,Corangamite,Charges laid,243
2022,March,Corangamite,No charges laid,88
2022,March,Corangamite,Unsolved,249
2022,March,Darebin,Charges laid,3055
2022,March,Darebin,No charges laid,1491
2022,March,Darebin,Unsolved,4730
2022,March,East Gippsland,Charges laid,1354
2022,March,East Gippsland,No charges laid,1067
2022,March,East Gippsland,Unsolved,1219
2022,March,Frankston,Charges laid,3513
2022,March,Frankston,No charges laid,1798
2022,March,Frankston,Unsolved,3008
2022,March,Gannawarra,Charges laid,214
2022,March,Gannawarra,No charges laid,137
2022,March,Gannawarra,Unsolved,214
2022,March,Glen Eira,Charges laid,1201
2022,March,Glen Eira,No charges laid,813
2022,March,Glen Eira,Unsolved,3018
2022,March,Glenelg,Charges laid,542
2022,March,Glenelg,No charges laid,327
2022,March,Glenelg,Unsolved,334
2022,March,Golden Plains,Charges laid,130
2022,March,Golden Plains,No charges laid,63
2022,March,Golden Plains,Unsolved,227
2022,March,Greater Bendigo,Charges laid,2983
2022,March,Greater Bendigo,No charges laid,1480
2022,March,Greater Bendigo,Unsolved,3038
2022,March,Greater Dandenong,Charges laid,4022
2022,March,Greater Dandenong,No charges laid,2083
2022,March,Greater Dandenong,Unsolved,5264
2022,March,Greater Geelong,Charges laid,5517
2022,March,Greater Geelong,No charges laid,2376
2022,March,Greater Geelong,Unsolved,6676
2022,March,Greater Shepparton,Charges laid,2506
2022,March,Greater Shepparton,No charges laid,987
2022,March,Greater Shepparton,Unsolved,2292
2022,March,Hepburn,Charges laid,135
2022,March,Hepburn,No charges laid,65
2022,March,Hepburn,Unsolved,236
2022,March,Hindmarsh,Charges laid,109
2022,March,Hindmarsh,No charges laid,55
2022,March,Hindmarsh,Unsolved,140
2022,March,Hobsons Bay,Charges laid,1448
2022,March,Hobsons Bay,No charges laid,773
2022,March,Hobsons Bay,Unsolved,2378
2022,March,Horsham,Charges laid,784
2022,March,Horsham,No charges laid,357
2022,March,Horsham,Unsolved,467
2022,March,Hume,Charges laid,4094
2022,March,Hume,No charges laid,2495
2022,March,Hume,Unsolved,5607
2022,March,Indigo,Charges laid,125
2022,March,Indigo,No charges laid,108
2022,March,Indigo,Unsolved,232
2022,March,Kingston,Charges laid,2114
2022,March,Kingston,No charges laid,1218
2022,March,Kingston,Unsolved,3491
2022,March,Knox,Charges laid,2375
2022,March,Knox,No charges laid,1544
2022,March,Knox,Unsolved,2712
2022,March,Latrobe,Charges laid,3454
2022,March,Latrobe,No charges laid,1992
2022,March,Latrobe,Unsolved,2380
2022,March,Loddon,Charges laid,158
2022,March,Loddon,No charges laid,69
2022,March,Loddon,Unsolved,160
2022,March,Macedon Ranges,Charges laid,528
2022,March,Macedon Ranges,No charges laid,364
2022,March,Macedon Ranges,Unsolved,499
2022,March,Manningham,Charges laid,783
2022,March,Manningham,No charges laid,570
2022,March,Manningham,Unsolved,1514
2022,March,Mansfield,Charges laid,125
2022,March,Mansfield,No charges laid,94
2022,March,Mansfield,Unsolved,120
2022,March,Maribyrnong,Charges laid,1758
2022,March,Maribyrnong,No charges laid,872
2022,March,Maribyrnong,Unsolved,4395
2022,March,Maroondah,Charges laid,2055
2022,March,Maroondah,No charges laid,1023
2022,March,Maroondah,Unsolved,2016
2022,March,Melbourne,Charges laid,7434
2022,March,Melbourne,No charges laid,5824
2022,March,Melbourne,Unsolved,11778
2022,March,Melton,Charges laid,2852
2022,March,Melton,No charges laid,1328
2022,March,Melton,Unsolved,4625
2022,March,Mildura,Charges laid,1978
2022,March,Mildura,No charges laid,1167
2022,March,Mildura,Unsolved,1750
2022,March,Mitchell,Charges laid,882
2022,March,Mitchell,No charges laid,658
2022,March,Mitchell,Unsolved,810
2022,March,Moira,Charges laid,718
2022,March,Moira,No charges laid,284
2022,March,Moira,Unsolved,571
2022,March,Monash,Charges laid,2442
2022,March,Monash,No charges laid,1215
2022,March,Monash,Unsolved,4652
2022,March,Moonee Valley,Charges laid,1856
2022,March,Moonee Valley,No charges laid,997
2022,March,Moonee Valley,Unsolved,3165
2022,March,Moorabool,Charges laid,522
2022,March,Moorabool,No charges laid,400
2022,March,Moorabool,Unsolved,651
2022,March,Moreland,Charges laid,2363
2022,March,Moreland,No charges laid,1195
2022,March,Moreland,Unsolved,5615
2022,March,Mornington Peninsula,Charges laid,2169
2022,March,Mornington Peninsula,No charges laid,1732
2022,March,Mornington Peninsula,Unsolved,2519
2022,March,Mount Alexander,Charges laid,275
2022,March,Mount Alexander,No charges laid,147
2022,March,Mount Alexander,Unsolved,294
2022,March,Moyne,Charges laid,222
2022,March,Moyne,No charges laid,94
2022,March,Moyne,Unsolved,230
2022,March,Murrindindi,Charges laid,167
2022,March,Murrindindi,No charges laid,154
2022,March,Murrindindi,Unsolved,210
2022,March,Nillumbik,Charges laid,421
2022,March,Nillumbik,No charges laid,320
2022,March,Nillumbik,Unsolved,578
2022,March,Northern Grampians,Charges laid,352
2022,March,Northern Grampians,No charges laid,236
2022,March,Northern Grampians,Unsolved,218
2022,March,Port Phillip,Charges laid,2471
2022,March,Port Phillip,No charges laid,1361
2022,March,Port Phillip,Unsolved,5325
2022,March,Pyrenees,Charges laid,100
2022,March,Pyrenees,No charges laid,49
2022,March,Pyrenees,Unsolved,153
2022,March,Queenscliffe,Charges laid,28
2022,March,Queenscliffe,No charges laid,17
2022,March,Queenscliffe,Unsolved,73
2022,March,South Gippsland,Charges laid,536
2022,March,South Gippsland,No charges laid,255
2022,March,South Gippsland,Unsolved,403
2022,March,Southern Grampians,Charges laid,436
2022,March,Southern Grampians,No charges laid,167
2022,March,Southern Grampians,Unsolved,196
2022,March,Stonnington,Charges laid,1937
2022,March,Stonnington,No charges laid,1231
2022,March,Stonnington,Unsolved,4652
2022,March,Strathbogie,Charges laid,173
2022,March,Strathbogie,No charges laid,97
2022,March,Strathbogie,Unsolved,176
2022,March,Surf Coast,Charges laid,334
2022,March,Surf Coast,No charges laid,219
2022,March,Surf Coast,Unsolved,496
2022,March,Swan Hill,Charges laid,828
2022,March,Swan Hill,No charges laid,494
2022,March,Swan Hill,Unsolved,374
2022,March,Towong,Charges laid,35
2022,March,Towong,No charges laid,30
2022,March,Towong,Unsolved,83
2022,March,Wangaratta,Charges laid,789
2022,March,Wangaratta,No charges laid,395
2022,March,Wangaratta,Unsolved,471
2022,March,Warrnambool,Charges laid,988
2022,March,Warrnambool,No charges laid,483
2022,March,Warrnambool,Unsolved,736
2022,March,Wellington,Charges laid,1159
2022,March,Wellington,No charges laid,756
2022,March,Wellington,Unsolved,1049
2022,March,West Wimmera,Charges laid,52
2022,March,West Wimmera,No charges laid,41
2022,March,West Wimmera,Unsolved,58
2022,March,Whitehorse,Charges laid,1579
2022,March,Whitehorse,No charges laid,832
2022,March,Whitehorse,Unsolved,3048
2022,March,Whittlesea,Charges laid,3028
2022,March,Whittlesea,No charges laid,2072
2022,March,Whittlesea,Unsolved,3839
2022,March,Wodonga,Charges laid,917
2022,March,Wodonga,No charges laid,560
2022,March,Wodonga,Unsolved,1205
2022,March,Wyndham,Charges laid,3868
2022,March,Wyndham,No charges laid,1978
2022,March,Wyndham,Unsolved,6248
2022,March,Yarra,Charges laid,2351
2022,March,Yarra,No charges laid,1278
2022,March,Yarra,Unsolved,5161
2022,March,Yarra Ranges,Charges laid,1613
2022,March,Yarra Ranges,No charges laid,1290
2022,March,Yarra Ranges,Unsolved,2083
2022,March,Yarriambiack,Charges laid,128
2022,March,Yarriambiack,No charges laid,74
2022,March,Yarriambiack,Unsolved,102
2021,March,Alpine,Charges laid,177
2021,March,Alpine,No charges laid,119
2021,March,Alpine,Unsolved,104
2021,March,Ararat,Charges laid,594
2021,March,Ararat,No charges laid,259
2021,March,Ararat,Unsolved,234
2021,March,Ballarat,Charges laid,3045
2021,March,Ballarat,No charges laid,1088
2021,March,Ballarat,Unsolved,3055
2021,March,Banyule,Charges laid,2742
2021,March,Banyule,No charges laid,1225
2021,March,Banyule,Unsolved,2319
2021,March,Bass Coast,Charges laid,907
2021,March,Bass Coast,No charges laid,554
2021,March,Bass Coast,Unsolved,635
2021,March,Baw Baw,Charges laid,1639
2021,March,Baw Baw,No charges laid,864
2021,March,Baw Baw,Unsolved,1082
2021,March,Bayside,Charges laid,1158
2021,March,Bayside,No charges laid,741
2021,March,Bayside,Unsolved,1928
2021,March,Benalla,Charges laid,477
2021,March,Benalla,No charges laid,219
2021,March,Benalla,Unsolved,299
2021,March,Boroondara,Charges laid,1673
2021,March,Boroondara,No charges laid,867
2021,March,Boroondara,Unsolved,3414
2021,March,Brimbank,Charges laid,5556
2021,March,Brimbank,No charges laid,2984
2021,March,Brimbank,Unsolved,5974
2021,March,Buloke,Charges laid,105
2021,March,Buloke,No charges laid,74
2021,March,Buloke,Unsolved,65
2021,March,Campaspe,Charges laid,1072
2021,March,Campaspe,No charges laid,506
2021,March,Campaspe,Unsolved,878
2021,March,Cardinia,Charges laid,2043
2021,March,Cardinia,No charges laid,1546
2021,March,Cardinia,Unsolved,1974
2021,March,Casey,Charges laid,5757
2021,March,Casey,No charges laid,4311
2021,March,Casey,Unsolved,6069
2021,March,Central Goldfields,Charges laid,396
2021,March,Central Goldfields,No charges laid,200
2021,March,Central Goldfields,Unsolved,224
2021,March,Colac-Otway,Charges laid,553
2021,March,Colac-Otway,No charges laid,373
2021,March,Colac-Otway,Unsolved,300
2021,March,Corangamite,Charges laid,303
2021,March,Corangamite,No charges laid,167
2021,March,Corangamite,Unsolved,212
2021,March,Darebin,Charges laid,4328
2021,March,Darebin,No charges laid,2152
2021,March,Darebin,Unsolved,4995
2021,March,East Gippsland,Charges laid,1680
2021,March,East Gippsland,No charges laid,993
2021,March,East Gippsland,Unsolved,956
2021,March,Frankston,Charges laid,4518
2021,March,Frankston,No charges laid,2781
2021,March,Frankston,Unsolved,2908
2021,March,Gannawarra,Charges laid,320
2021,March,Gannawarra,No charges laid,182
2021,March,Gannawarra,Unsolved,137
2021,March,Glen Eira,Charges laid,1602
2021,March,Glen Eira,No charges laid,1202
2021,March,Glen Eira,Unsolved,3216
2021,March,Glenelg,Charges laid,594
2021,March,Glenelg,No charges laid,221
2021,March,Glenelg,Unsolved,233
2021,March,Golden Plains,Charges laid,143
2021,March,Golden Plains,No charges laid,77
2021,March,Golden Plains,Unsolved,230
2021,March,Greater Bendigo,Charges laid,3849
2021,March,Greater Bendigo,No charges laid,1419
2021,March,Greater Bendigo,Unsolved,2732
2021,March,Greater Dandenong,Charges laid,5201
2021,March,Greater Dandenong,No charges laid,3905
2021,March,Greater Dandenong,Unsolved,5115
2021,March,Greater Geelong,Charges laid,6993
2021,March,Greater Geelong,No charges laid,2585
2021,March,Greater Geelong,Unsolved,5933
2021,March,Greater Shepparton,Charges laid,2925
2021,March,Greater Shepparton,No charges laid,1128
2021,March,Greater Shepparton,Unsolved,1884
2021,March,Hepburn,Charges laid,170
2021,March,Hepburn,No charges laid,85
2021,March,Hepburn,Unsolved,252
2021,March,Hindmarsh,Charges laid,126
2021,March,Hindmarsh,No charges laid,56
2021,March,Hindmarsh,Unsolved,105
2021,March,Hobsons Bay,Charges laid,1568
2021,March,Hobsons Bay,No charges laid,1042
2021,March,Hobsons Bay,Unsolved,1851
2021,March,Horsham,Charges laid,799
2021,March,Horsham,No charges laid,360
2021,March,Horsham,Unsolved,313
2021,March,Hume,Charges laid,6035
2021,March,Hume,No charges laid,4243
2021,March,Hume,Unsolved,5201
2021,March,Indigo,Charges laid,171
2021,March,Indigo,No charges laid,90
2021,March,Indigo,Unsolved,166
2021,March,Kingston,Charges laid,2841
2021,March,Kingston,No charges laid,1800
2021,March,Kingston,Unsolved,3400
2021,March,Knox,Charges laid,3166
2021,March,Knox,No charges laid,1770
2021,March,Knox,Unsolved,3347
2021,March,Latrobe,Charges laid,4744
2021,March,Latrobe,No charges laid,1912
2021,March,Latrobe,Unsolved,2431
2021,March,Loddon,Charges laid,180
2021,March,Loddon,No charges laid,84
2021,March,Loddon,Unsolved,148
2021,March,Macedon Ranges,Charges laid,861
2021,March,Macedon Ranges,No charges laid,460
2021,March,Macedon Ranges,Unsolved,532
2021,March,Manningham,Charges laid,1159
2021,March,Manningham,No charges laid,600
2021,March,Manningham,Unsolved,1612
2021,March,Mansfield,Charges laid,170
2021,March,Mansfield,No charges laid,109
2021,March,Mansfield,Unsolved,109
2021,March,Maribyrnong,Charges laid,2234
2021,March,Maribyrnong,No charges laid,1260
2021,March,Maribyrnong,Unsolved,3554
2021,March,Maroondah,Charges laid,2591
2021,March,Maroondah,No charges laid,1162
2021,March,Maroondah,Unsolved,1955
2021,March,Melbourne,Charges laid,9306
2021,March,Melbourne,No charges laid,7522
2021,March,Melbourne,Unsolved,9129
2021,March,Melton,Charges laid,3888
2021,March,Melton,No charges laid,1913
2021,March,Melton,Unsolved,4082
2021,March,Mildura,Charges laid,2255
2021,March,Mildura,No charges laid,1011
2021,March,Mildura,Unsolved,1139
2021,March,Mitchell,Charges laid,1575
2021,March,Mitchell,No charges laid,810
2021,March,Mitchell,Unsolved,778
2021,March,Moira,Charges laid,780
2021,March,Moira,No charges laid,337
2021,March,Moira,Unsolved,513
2021,March,Monash,Charges laid,3245
2021,March,Monash,No charges laid,1934
2021,March,Monash,Unsolved,4393
2021,March,Moonee Valley,Charges laid,1868
2021,March,Moonee Valley,No charges laid,1492
2021,March,Moonee Valley,Unsolved,2748
2021,March,Moorabool,Charges laid,702
2021,March,Moorabool,No charges laid,556
2021,March,Moorabool,Unsolved,732
2021,March,Moreland,Charges laid,3158
2021,March,Moreland,No charges laid,1969
2021,March,Moreland,Unsolved,5021
2021,March,Mornington Peninsula,Charges laid,2936
2021,March,Mornington Peninsula,No charges laid,2233
2021,March,Mornington Peninsula,Unsolved,2448
2021,March,Mount Alexander,Charges laid,356
2021,March,Mount Alexander,No charges laid,146
2021,March,Mount Alexander,Unsolved,226
2021,March,Moyne,Charges laid,225
2021,March,Moyne,No charges laid,122
2021,March,Moyne,Unsolved,162
2021,March,Murrindindi,Charges laid,245
2021,March,Murrindindi,No charges laid,207
2021,March,Murrindindi,Unsolved,211
2021,March,Nillumbik,Charges laid,561
2021,March,Nillumbik,No charges laid,365
2021,March,Nillumbik,Unsolved,596
2021,March,Northern Grampians,Charges laid,411
2021,March,Northern Grampians,No charges laid,258
2021,March,Northern Grampians,Unsolved,225
2021,March,Port Phillip,Charges laid,3210
2021,March,Port Phillip,No charges laid,2131
2021,March,Port Phillip,Unsolved,4834
2021,March,Pyrenees,Charges laid,127
2021,March,Pyrenees,No charges laid,70
2021,March,Pyrenees,Unsolved,147
2021,March,Queenscliffe,Charges laid,20
2021,March,Queenscliffe,No charges laid,11
2021,March,Queenscliffe,Unsolved,50
2021,March,South Gippsland,Charges laid,608
2021,March,South Gippsland,No charges laid,307
2021,March,South Gippsland,Unsolved,349
2021,March,Southern Grampians,Charges laid,435
2021,March,Southern Grampians,No charges laid,185
2021,March,Southern Grampians,Unsolved,171
2021,March,Stonnington,Charges laid,2779
2021,March,Stonnington,No charges laid,1969
2021,March,Stonnington,Unsolved,4195
2021,March,Strathbogie,Charges laid,196
2021,March,Strathbogie,No charges laid,105
2021,March,Strathbogie,Unsolved,152
2021,March,Surf Coast,Charges laid,402
2021,March,Surf Coast,No charges laid,255
2021,March,Surf Coast,Unsolved,507
2021,March,Swan Hill,Charges laid,1015
2021,March,Swan Hill,No charges laid,512
2021,March,Swan Hill,Unsolved,330
2021,March,Towong,Charges laid,71
2021,March,Towong,No charges laid,32
2021,March,Towong,Unsolved,50
2021,March,Wangaratta,Charges laid,836
2021,March,Wangaratta,No charges laid,485
2021,March,Wangaratta,Unsolved,337
2021,March,Warrnambool,Charges laid,1217
2021,March,Warrnambool,No charges laid,437
2021,March,Warrnambool,Unsolved,546
2021,March,Wellington,Charges laid,1630
2021,March,Wellington,No charges laid,809
2021,March,Wellington,Unsolved,779
2021,March,West Wimmera,Charges laid,51
2021,March,West Wimmera,No charges laid,25
2021,March,West Wimmera,Unsolved,46
2021,March,Whitehorse,Charges laid,2304
2021,March,Whitehorse,No charges laid,1286
2021,March,Whitehorse,Unsolved,3357
2021,March,Whittlesea,Charges laid,4532
2021,March,Whittlesea,No charges laid,2905
2021,March,Whittlesea,Unsolved,4016
2021,March,Wodonga,Charges laid,1066
2021,March,Wodonga,No charges laid,575
2021,March,Wodonga,Unsolved,776
2021,March,Wyndham,Charges laid,4959
2021,March,Wyndham,No charges laid,2718
2021,March,Wyndham,Unsolved,5029
2021,March,Yarra,Charges laid,3579
2021,March,Yarra,No charges laid,2304
2021,March,Yarra,Unsolved,4944
2021,March,Yarra Ranges,Charges laid,2381
2021,March,Yarra Ranges,No charges laid,1593
2021,March,Yarra Ranges,Unsolved,2137
2021,March,Yarriambiack,Charges laid,138
2021,March,Yarriambiack,No charges laid,87
2021,March,Yarriambiack,Unsolved,108
2020,March,Alpine,Charges laid,224
2020,March,Alpine,No charges laid,90
2020,March,Alpine,Unsolved,124
2020,March,Ararat,Charges laid,476
2020,March,Ararat,No charges laid,156
2020,March,Ararat,Unsolved,262
2020,March,Ballarat,Charges laid,3479
2020,March,Ballarat,No charges laid,753
2020,March,Ballarat,Unsolved,4479
2020,March,Banyule,Charges laid,3271
2020,March,Banyule,No charges laid,825
2020,March,Banyule,Unsolved,3166
2020,March,Bass Coast,Charges laid,805
2020,March,Bass Coast,No charges laid,332
2020,March,Bass Coast,Unsolved,649
2020,March,Baw Baw,Charges laid,1664
2020,March,Baw Baw,No charges laid,447
2020,March,Baw Baw,Unsolved,1476
2020,March,Bayside,Charges laid,1025
2020,March,Bayside,No charges laid,477
2020,March,Bayside,Unsolved,2693
2020,March,Benalla,Charges laid,467
2020,March,Benalla,No charges laid,178
2020,March,Benalla,Unsolved,290
2020,March,Boroondara,Charges laid,1592
2020,March,Boroondara,No charges laid,562
2020,March,Boroondara,Unsolved,4367
2020,March,Brimbank,Charges laid,6321
2020,March,Brimbank,No charges laid,1651
2020,March,Brimbank,Unsolved,7508
2020,March,Buloke,Charges laid,82
2020,March,Buloke,No charges laid,48
2020,March,Buloke,Unsolved,124
2020,March,Campaspe,Charges laid,1350
2020,March,Campaspe,No charges laid,378
2020,March,Campaspe,Unsolved,1070
2020,March,Cardinia,Charges laid,2137
2020,March,Cardinia,No charges laid,850
2020,March,Cardinia,Unsolved,2462
2020,March,Casey,Charges laid,5731
2020,March,Casey,No charges laid,3145
2020,March,Casey,Unsolved,8269
2020,March,Central Goldfields,Charges laid,441
2020,March,Central Goldfields,No charges laid,165
2020,March,Central Goldfields,Unsolved,260
2020,March,Colac-Otway,Charges laid,561
2020,March,Colac-Otway,No charges laid,232
2020,March,Colac-Otway,Unsolved,487
2020,March,Corangamite,Charges laid,274
2020,March,Corangamite,No charges laid,79
2020,March,Corangamite,Unsolved,195
2020,March,Darebin,Charges laid,3896
2020,March,Darebin,No charges laid,1045
2020,March,Darebin,Unsolved,6954
2020,March,East Gippsland,Charges laid,1705
2020,March,East Gippsland,No charges laid,769
2020,March,East Gippsland,Unsolved,1164
2020,March,Frankston,Charges laid,5250
2020,March,Frankston,No charges laid,1521
2020,March,Frankston,Unsolved,4325
2020,March,Gannawarra,Charges laid,319
2020,March,Gannawarra,No charges laid,140
2020,March,Gannawarra,Unsolved,149
2020,March,Glen Eira,Charges laid,1594
2020,March,Glen Eira,No charges laid,753
2020,March,Glen Eira,Unsolved,3758
2020,March,Glenelg,Charges laid,657
2020,March,Glenelg,No charges laid,201
2020,March,Glenelg,Unsolved,307
2020,March,Golden Plains,Charges laid,141
2020,March,Golden Plains,No charges laid,65
2020,March,Golden Plains,Unsolved,266
2020,March,Greater Bendigo,Charges laid,3982
2020,March,Greater Bendigo,No charges laid,1105
2020,March,Greater Bendigo,Unsolved,3236
2020,March,Greater Dandenong,Charges laid,5762
2020,March,Greater Dandenong,No charges laid,2240
2020,March,Greater Dandenong,Unsolved,6723
2020,March,Greater Geelong,Charges laid,7093
2020,March,Greater Geelong,No charges laid,1881
2020,March,Greater Geelong,Unsolved,8026
2020,March,Greater Shepparton,Charges laid,3027
2020,March,Greater Shepparton,No charges laid,876
2020,March,Greater Shepparton,Unsolved,2479
2020,March,Hepburn,Charges laid,263
2020,March,Hepburn,No charges laid,105
2020,March,Hepburn,Unsolved,370
2020,March,Hindmarsh,Charges laid,116
2020,March,Hindmarsh,No charges laid,47
2020,March,Hindmarsh,Unsolved,83
2020,March,Hobsons Bay,Charges laid,1842
2020,March,Hobsons Bay,No charges laid,665
2020,March,Hobsons Bay,Unsolved,2399
2020,March,Horsham,Charges laid,855
2020,March,Horsham,No charges laid,230
2020,March,Horsham,Unsolved,271
2020,March,Hume,Charges laid,6411
2020,March,Hume,No charges laid,2393
2020,March,Hume,Unsolved,7090
2020,March,Indigo,Charges laid,162
2020,March,Indigo,No charges laid,46
2020,March,Indigo,Unsolved,222
2020,March,Kingston,Charges laid,3407
2020,March,Kingston,No charges laid,1218
2020,March,Kingston,Unsolved,4409
2020,March,Knox,Charges laid,3265
2020,March,Knox,No charges laid,1183
2020,March,Knox,Unsolved,4425
2020,March,Latrobe,Charges laid,4989
2020,March,Latrobe,No charges laid,1506
2020,March,Latrobe,Unsolved,3580
2020,March,Loddon,Charges laid,174
2020,March,Loddon,No charges laid,40
2020,March,Loddon,Unsolved,152
2020,March,Macedon Ranges,Charges laid,774
2020,March,Macedon Ranges,No charges laid,225
2020,March,Macedon Ranges,Unsolved,725
2020,March,Manningham,Charges laid,1117
2020,March,Manningham,No charges laid,474
2020,March,Manningham,Unsolved,2150
2020,March,Mansfield,Charges laid,158
2020,March,Mansfield,No charges laid,58
2020,March,Mansfield,Unsolved,121
2020,March,Maribyrnong,Charges laid,2505
2020,March,Maribyrnong,No charges laid,656
2020,March,Maribyrnong,Unsolved,4144
2020,March,Maroondah,Charges laid,2618
2020,March,Maroondah,No charges laid,880
2020,March,Maroondah,Unsolved,2422
2020,March,Melbourne,Charges laid,9933
2020,March,Melbourne,No charges laid,4391
2020,March,Melbourne,Unsolved,12577
2020,March,Melton,Charges laid,3605
2020,March,Melton,No charges laid,966
2020,March,Melton,Unsolved,4749
2020,March,Mildura,Charges laid,2859
2020,March,Mildura,No charges laid,926
2020,March,Mildura,Unsolved,1760
2020,March,Mitchell,Charges laid,1451
2020,March,Mitchell,No charges laid,567
2020,March,Mitchell,Unsolved,1102
2020,March,Moira,Charges laid,946
2020,March,Moira,No charges laid,217
2020,March,Moira,Unsolved,672
2020,March,Monash,Charges laid,2823
2020,March,Monash,No charges laid,1098
2020,March,Monash,Unsolved,5656
2020,March,Moonee Valley,Charges laid,2158
2020,March,Moonee Valley,No charges laid,947
2020,March,Moonee Valley,Unsolved,3614
2020,March,Moorabool,Charges laid,640
2020,March,Moorabool,No charges laid,173
2020,March,Moorabool,Unsolved,828
2020,March,Moreland,Charges laid,3433
2020,March,Moreland,No charges laid,1295
2020,March,Moreland,Unsolved,6372
2020,March,Mornington Peninsula,Charges laid,3282
2020,March,Mornington Peninsula,No charges laid,1380
2020,March,Mornington Peninsula,Unsolved,3958
2020,March,Mount Alexander,Charges laid,421
2020,March,Mount Alexander,No charges laid,108
2020,March,Mount Alexander,Unsolved,365
2020,March,Moyne,Charges laid,240
2020,March,Moyne,No charges laid,89
2020,March,Moyne,Unsolved,177
2020,March,Murrindindi,Charges laid,198
2020,March,Murrindindi,No charges laid,143
2020,March,Murrindindi,Unsolved,257
2020,March,Nillumbik,Charges laid,611
2020,March,Nillumbik,No charges laid,279
2020,March,Nillumbik,Unsolved,801
2020,March,Northern Grampians,Charges laid,383
2020,March,Northern Grampians,No charges laid,135
2020,March,Northern Grampians,Unsolved,217
2020,March,Port Phillip,Charges laid,3233
2020,March,Port Phillip,No charges laid,1121
2020,March,Port Phillip,Unsolved,5603
2020,March,Pyrenees,Charges laid,149
2020,March,Pyrenees,No charges laid,32
2020,March,Pyrenees,Unsolved,169
2020,March,Queenscliffe,Charges laid,19
2020,March,Queenscliffe,No charges laid,9
2020,March,Queenscliffe,Unsolved,73
2020,March,South Gippsland,Charges laid,675
2020,March,South Gippsland,No charges laid,180
2020,March,South Gippsland,Unsolved,504
2020,March,Southern Grampians,Charges laid,456
2020,March,Southern Grampians,No charges laid,144
2020,March,Southern Grampians,Unsolved,287
2020,March,Stonnington,Charges laid,2813
2020,March,Stonnington,No charges laid,1110
2020,March,Stonnington,Unsolved,5539
2020,March,Strathbogie,Charges laid,171
2020,March,Strathbogie,No charges laid,86
2020,March,Strathbogie,Unsolved,218
2020,March,Surf Coast,Charges laid,372
2020,March,Surf Coast,No charges laid,155
2020,March,Surf Coast,Unsolved,516
2020,March,Swan Hill,Charges laid,975
2020,March,Swan Hill,No charges laid,332
2020,March,Swan Hill,Unsolved,463
2020,March,Towong,Charges laid,58
2020,March,Towong,No charges laid,24
2020,March,Towong,Unsolved,73
2020,March,Wangaratta,Charges laid,865
2020,March,Wangaratta,No charges laid,364
2020,March,Wangaratta,Unsolved,519
2020,March,Warrnambool,Charges laid,1293
2020,March,Warrnambool,No charges laid,421
2020,March,Warrnambool,Unsolved,753
2020,March,Wellington,Charges laid,1586
2020,March,Wellington,No charges laid,766
2020,March,Wellington,Unsolved,1033
2020,March,West Wimmera,Charges laid,74
2020,March,West Wimmera,No charges laid,21
2020,March,West Wimmera,Unsolved,48
2020,March,Whitehorse,Charges laid,2300
2020,March,Whitehorse,No charges laid,739
2020,March,Whitehorse,Unsolved,4315
2020,March,Whittlesea,Charges laid,4402
2020,March,Whittlesea,No charges laid,1935
2020,March,Whittlesea,Unsolved,5911
2020,March,Wodonga,Charges laid,1373
2020,March,Wodonga,No charges laid,316
2020,March,Wodonga,Unsolved,1139
2020,March,Wyndham,Charges laid,5479
2020,March,Wyndham,No charges laid,1607
2020,March,Wyndham,Unsolved,6785
2020,March,Yarra,Charges laid,3437
2020,March,Yarra,No charges laid,1198
2020,March,Yarra,Unsolved,6793
2020,March,Yarra Ranges,Charges laid,2423
2020,March,Yarra Ranges,No charges laid,969
2020,March,Yarra Ranges,Unsolved,2795
2020,March,Yarriambiack,Charges laid,167
2020,March,Yarriambiack,No charges laid,48
2020,March,Yarriambiack,Unsolved,103
2019,March,Alpine,Charges laid,228
2019,March,Alpine,No charges laid,55
2019,March,Alpine,Unsolved,116
2019,March,Ararat,Charges laid,520
2019,March,Ararat,No charges laid,188
2019,March,Ararat,Unsolved,204
2019,March,Ballarat,Charges laid,3486
2019,March,Ballarat,No charges laid,745
2019,March,Ballarat,Unsolved,3898
2019,March,Banyule,Charges laid,3331
2019,March,Banyule,No charges laid,659
2019,March,Banyule,Unsolved,3016
2019,March,Bass Coast,Charges laid,792
2019,March,Bass Coast,No charges laid,318
2019,March,Bass Coast,Unsolved,672
2019,March,Baw Baw,Charges laid,1558
2019,March,Baw Baw,No charges laid,452
2019,March,Baw Baw,Unsolved,1169
2019,March,Bayside,Charges laid,952
2019,March,Bayside,No charges laid,544
2019,March,Bayside,Unsolved,2110
2019,March,Benalla,Charges laid,443
2019,March,Benalla,No charges laid,171
2019,March,Benalla,Unsolved,263
2019,March,Boroondara,Charges laid,1514
2019,March,Boroondara,No charges laid,532
2019,March,Boroondara,Unsolved,3524
2019,March,Brimbank,Charges laid,6488
2019,March,Brimbank,No charges laid,1444
2019,March,Brimbank,Unsolved,6729
2019,March,Buloke,Charges laid,62
2019,March,Buloke,No charges laid,55
2019,March,Buloke,Unsolved,97
2019,March,Campaspe,Charges laid,1265
2019,March,Campaspe,No charges laid,347
2019,March,Campaspe,Unsolved,1307
2019,March,Cardinia,Charges laid,1818
2019,March,Cardinia,No charges laid,789
2019,March,Cardinia,Unsolved,2090
2019,March,Casey,Charges laid,5871
2019,March,Casey,No charges laid,2874
2019,March,Casey,Unsolved,7472
2019,March,Central Goldfields,Charges laid,482
2019,March,Central Goldfields,No charges laid,196
2019,March,Central Goldfields,Unsolved,239
2019,March,Colac-Otway,Charges laid,607
2019,March,Colac-Otway,No charges laid,233
2019,March,Colac-Otway,Unsolved,480
2019,March,Corangamite,Charges laid,251
2019,March,Corangamite,No charges laid,62
2019,March,Corangamite,Unsolved,174
2019,March,Darebin,Charges laid,3999
2019,March,Darebin,No charges laid,1074
2019,March,Darebin,Unsolved,6172
2019,March,East Gippsland,Charges laid,1655
2019,March,East Gippsland,No charges laid,741
2019,March,East Gippsland,Unsolved,797
2019,March,Frankston,Charges laid,5477
2019,March,Frankston,No charges laid,1514
2019,March,Frankston,Unsolved,4165
2019,March,Gannawarra,Charges laid,315
2019,March,Gannawarra,No charges laid,107
2019,March,Gannawarra,Unsolved,159
2019,March,Glen Eira,Charges laid,1314
2019,March,Glen Eira,No charges laid,734
2019,March,Glen Eira,Unsolved,2844
2019,March,Glenelg,Charges laid,479
2019,March,Glenelg,No charges laid,205
2019,March,Glenelg,Unsolved,272
2019,March,Golden Plains,Charges laid,142
2019,March,Golden Plains,No charges laid,77
2019,March,Golden Plains,Unsolved,291
2019,March,Greater Bendigo,Charges laid,4138
2019,March,Greater Bendigo,No charges laid,1176
2019,March,Greater Bendigo,Unsolved,2778
2019,March,Greater Dandenong,Charges laid,5726
2019,March,Greater Dandenong,No charges laid,2185
2019,March,Greater Dandenong,Unsolved,6284
2019,March,Greater Geelong,Charges laid,6725
2019,March,Greater Geelong,No charges laid,1884
2019,March,Greater Geelong,Unsolved,7168
2019,March,Greater Shepparton,Charges laid,3067
2019,March,Greater Shepparton,No charges laid,922
2019,March,Greater Shepparton,Unsolved,2239
2019,March,Hepburn,Charges laid,183
2019,March,Hepburn,No charges laid,96
2019,March,Hepburn,Unsolved,340
2019,March,Hindmarsh,Charges laid,122
2019,March,Hindmarsh,No charges laid,58
2019,March,Hindmarsh,Unsolved,69
2019,March,Hobsons Bay,Charges laid,2114
2019,March,Hobsons Bay,No charges laid,689
2019,March,Hobsons Bay,Unsolved,2045
2019,March,Horsham,Charges laid,798
2019,March,Horsham,No charges laid,319
2019,March,Horsham,Unsolved,319
2019,March,Hume,Charges laid,6507
2019,March,Hume,No charges laid,2242
2019,March,Hume,Unsolved,6842
2019,March,Indigo,Charges laid,155
2019,March,Indigo,No charges laid,59
2019,March,Indigo,Unsolved,157
2019,March,Kingston,Charges laid,3230
2019,March,Kingston,No charges laid,1337
2019,March,Kingston,Unsolved,4041
2019,March,Knox,Charges laid,3379
2019,March,Knox,No charges laid,1159
2019,March,Knox,Unsolved,3552
2019,March,Latrobe,Charges laid,5503
2019,March,Latrobe,No charges laid,1532
2019,March,Latrobe,Unsolved,2907
2019,March,Loddon,Charges laid,164
2019,March,Loddon,No charges laid,53
2019,March,Loddon,Unsolved,169
2019,March,Macedon Ranges,Charges laid,756
2019,March,Macedon Ranges,No charges laid,229
2019,March,Macedon Ranges,Unsolved,797
2019,March,Manningham,Charges laid,1113
2019,March,Manningham,No charges laid,407
2019,March,Manningham,Unsolved,1890
2019,March,Mansfield,Charges laid,132
2019,March,Mansfield,No charges laid,58
2019,March,Mansfield,Unsolved,131
2019,March,Maribyrnong,Charges laid,2403
2019,March,Maribyrnong,No charges laid,705
2019,March,Maribyrnong,Unsolved,3561
2019,March,Maroondah,Charges laid,2886
2019,March,Maroondah,No charges laid,886
2019,March,Maroondah,Unsolved,2262
2019,March,Melbourne,Charges laid,10465
2019,March,Melbourne,No charges laid,5112
2019,March,Melbourne,Unsolved,11010
2019,March,Melton,Charges laid,3212
2019,March,Melton,No charges laid,983
2019,March,Melton,Unsolved,4135
2019,March,Mildura,Charges laid,2873
2019,March,Mildura,No charges laid,928
2019,March,Mildura,Unsolved,1692
2019,March,Mitchell,Charges laid,1499
2019,March,Mitchell,No charges laid,574
2019,March,Mitchell,Unsolved,961
2019,March,Moira,Charges laid,826
2019,March,Moira,No charges laid,217
2019,March,Moira,Unsolved,639
2019,March,Monash,Charges laid,2591
2019,March,Monash,No charges laid,1030
2019,March,Monash,Unsolved,4409
2019,March,Moonee Valley,Charges laid,2105
2019,March,Moonee Valley,No charges laid,961
2019,March,Moonee Valley,Unsolved,3419
2019,March,Moorabool,Charges laid,708
2019,March,Moorabool,No charges laid,171
2019,March,Moorabool,Unsolved,754
2019,March,Moreland,Charges laid,3563
2019,March,Moreland,No charges laid,1410
2019,March,Moreland,Unsolved,6434
2019,March,Mornington Peninsula,Charges laid,3417
2019,March,Mornington Peninsula,No charges laid,1383
2019,March,Mornington Peninsula,Unsolved,3361
2019,March,Mount Alexander,Charges laid,357
2019,March,Mount Alexander,No charges laid,130
2019,March,Mount Alexander,Unsolved,264
2019,March,Moyne,Charges laid,215
2019,March,Moyne,No charges laid,91
2019,March,Moyne,Unsolved,152
2019,March,Murrindindi,Charges laid,242
2019,March,Murrindindi,No charges laid,149
2019,March,Murrindindi,Unsolved,202
2019,March,Nillumbik,Charges laid,540
2019,March,Nillumbik,No charges laid,289
2019,March,Nillumbik,Unsolved,794
2019,March,Northern Grampians,Charges laid,359
2019,March,Northern Grampians,No charges laid,180
2019,March,Northern Grampians,Unsolved,223
2019,March,Port Phillip,Charges laid,3102
2019,March,Port Phillip,No charges laid,1337
2019,March,Port Phillip,Unsolved,5211
2019,March,Pyrenees,Charges laid,154
2019,March,Pyrenees,No charges laid,100
2019,March,Pyrenees,Unsolved,165
2019,March,Queenscliffe,Charges laid,32
2019,March,Queenscliffe,No charges laid,17
2019,March,Queenscliffe,Unsolved,69
2019,March,South Gippsland,Charges laid,513
2019,March,South Gippsland,No charges laid,158
2019,March,South Gippsland,Unsolved,324
2019,March,Southern Grampians,Charges laid,649
2019,March,Southern Grampians,No charges laid,241
2019,March,Southern Grampians,Unsolved,218
2019,March,Stonnington,Charges laid,2776
2019,March,Stonnington,No charges laid,1169
2019,March,Stonnington,Unsolved,4225
2019,March,Strathbogie,Charges laid,186
2019,March,Strathbogie,No charges laid,80
2019,March,Strathbogie,Unsolved,182
2019,March,Surf Coast,Charges laid,330
2019,March,Surf Coast,No charges laid,141
2019,March,Surf Coast,Unsolved,428
2019,March,Swan Hill,Charges laid,1091
2019,March,Swan Hill,No charges laid,316
2019,March,Swan Hill,Unsolved,461
2019,March,Towong,Charges laid,68
2019,March,Towong,No charges laid,21
2019,March,Towong,Unsolved,84
2019,March,Wangaratta,Charges laid,848
2019,March,Wangaratta,No charges laid,346
2019,March,Wangaratta,Unsolved,445
2019,March,Warrnambool,Charges laid,1767
2019,March,Warrnambool,No charges laid,536
2019,March,Warrnambool,Unsolved,704
2019,March,Wellington,Charges laid,1454
2019,March,Wellington,No charges laid,619
2019,March,Wellington,Unsolved,848
2019,March,West Wimmera,Charges laid,48
2019,March,West Wimmera,No charges laid,27
2019,March,West Wimmera,Unsolved,50
2019,March,Whitehorse,Charges laid,2274
2019,March,Whitehorse,No charges laid,657
2019,March,Whitehorse,Unsolved,3430
2019,March,Whittlesea,Charges laid,4580
2019,March,Whittlesea,No charges laid,1793
2019,March,Whittlesea,Unsolved,5539
2019,March,Wodonga,Charges laid,1261
2019,March,Wodonga,No charges laid,277
2019,March,Wodonga,Unsolved,882
2019,March,Wyndham,Charges laid,4802
2019,March,Wyndham,No charges laid,1489
2019,March,Wyndham,Unsolved,5172
2019,March,Yarra,Charges laid,3211
2019,March,Yarra,No charges laid,1168
2019,March,Yarra,Unsolved,6803
2019,March,Yarra Ranges,Charges laid,2515
2019,March,Yarra Ranges,No charges laid,889
2019,March,Yarra Ranges,Unsolved,2363
2019,March,Yarriambiack,Charges laid,158
2019,March,Yarriambiack,No charges laid,60
2019,March,Yarriambiack,Unsolved,102
2018,March,Alpine,Charges laid,175
2018,March,Alpine,No charges laid,65
2018,March,Alpine,Unsolved,79
2018,March,Ararat,Charges laid,495
2018,March,Ararat,No charges laid,177
2018,March,Ararat,Unsolved,213
2018,March,Ballarat,Charges laid,3519
2018,March,Ballarat,No charges laid,877
2018,March,Ballarat,Unsolved,4504
2018,March,Banyule,Charges laid,3175
2018,March,Banyule,No charges laid,679
2018,March,Banyule,Unsolved,3515
2018,March,Bass Coast,Charges laid,859
2018,March,Bass Coast,No charges laid,329
2018,March,Bass Coast,Unsolved,611
2018,March,Baw Baw,Charges laid,1404
2018,March,Baw Baw,No charges laid,486
2018,March,Baw Baw,Unsolved,1039
2018,March,Bayside,Charges laid,1048
2018,March,Bayside,No charges laid,569
2018,March,Bayside,Unsolved,2280
2018,March,Benalla,Charges laid,505
2018,March,Benalla,No charges laid,167
2018,March,Benalla,Unsolved,308
2018,March,Boroondara,Charges laid,1526
2018,March,Boroondara,No charges laid,538
2018,March,Boroondara,Unsolved,3568
2018,March,Brimbank,Charges laid,5869
2018,March,Brimbank,No charges laid,1244
2018,March,Brimbank,Unsolved,6436
2018,March,Buloke,Charges laid,78
2018,March,Buloke,No charges laid,22
2018,March,Buloke,Unsolved,68
2018,March,Campaspe,Charges laid,1247
2018,March,Campaspe,No charges laid,326
2018,March,Campaspe,Unsolved,938
2018,March,Cardinia,Charges laid,1586
2018,March,Cardinia,No charges laid,662
2018,March,Cardinia,Unsolved,2046
2018,March,Casey,Charges laid,5476
2018,March,Casey,No charges laid,2476
2018,March,Casey,Unsolved,6774
2018,March,Central Goldfields,Charges laid,498
2018,March,Central Goldfields,No charges laid,184
2018,March,Central Goldfields,Unsolved,225
2018,March,Colac-Otway,Charges laid,505
2018,March,Colac-Otway,No charges laid,187
2018,March,Colac-Otway,Unsolved,550
2018,March,Corangamite,Charges laid,282
2018,March,Corangamite,No charges laid,119
2018,March,Corangamite,Unsolved,219
2018,March,Darebin,Charges laid,3901
2018,March,Darebin,No charges laid,919
2018,March,Darebin,Unsolved,6605
2018,March,East Gippsland,Charges laid,1552
2018,March,East Gippsland,No charges laid,715
2018,March,East Gippsland,Unsolved,788
2018,March,Frankston,Charges laid,5314
2018,March,Frankston,No charges laid,1563
2018,March,Frankston,Unsolved,3842
2018,March,Gannawarra,Charges laid,207
2018,March,Gannawarra,No charges laid,72
2018,March,Gannawarra,Unsolved,138
2018,March,Glen Eira,Charges laid,1475
2018,March,Glen Eira,No charges laid,730
2018,March,Glen Eira,Unsolved,3027
2018,March,Glenelg,Charges laid,620
2018,March,Glenelg,No charges laid,167
2018,March,Glenelg,Unsolved,409
2018,March,Golden Plains,Charges laid,191
2018,March,Golden Plains,No charges laid,65
2018,March,Golden Plains,Unsolved,225
2018,March,Greater Bendigo,Charges laid,3767
2018,March,Greater Bendigo,No charges laid,978
2018,March,Greater Bendigo,Unsolved,2344
2018,March,Greater Dandenong,Charges laid,5670
2018,March,Greater Dandenong,No charges laid,2116
2018,March,Greater Dandenong,Unsolved,5842
2018,March,Greater Geelong,Charges laid,6730
2018,March,Greater Geelong,No charges laid,1761
2018,March,Greater Geelong,Unsolved,8373
2018,March,Greater Shepparton,Charges laid,2855
2018,March,Greater Shepparton,No charges laid,935
2018,March,Greater Shepparton,Unsolved,2189
2018,March,Hepburn,Charges laid,265
2018,March,Hepburn,No charges laid,61
2018,March,Hepburn,Unsolved,313
2018,March,Hindmarsh,Charges laid,122
2018,March,Hindmarsh,No charges laid,64
2018,March,Hindmarsh,Unsolved,67
2018,March,Hobsons Bay,Charges laid,1933
2018,March,Hobsons Bay,No charges laid,546
2018,March,Hobsons Bay,Unsolved,2351
2018,March,Horsham,Charges laid,977
2018,March,Horsham,No charges laid,294
2018,March,Horsham,Unsolved,366
2018,March,Hume,Charges laid,5579
2018,March,Hume,No charges laid,2026
2018,March,Hume,Unsolved,7661
2018,March,Indigo,Charges laid,127
2018,March,Indigo,No charges laid,60
2018,March,Indigo,Unsolved,152
2018,March,Kingston,Charges laid,2999
2018,March,Kingston,No charges laid,1187
2018,March,Kingston,Unsolved,3721
2018,March,Knox,Charges laid,3470
2018,March,Knox,No charges laid,1116
2018,March,Knox,Unsolved,3930
2018,March,Latrobe,Charges laid,5278
2018,March,Latrobe,No charges laid,1516
2018,March,Latrobe,Unsolved,2582
2018,March,Loddon,Charges laid,133
2018,March,Loddon,No charges laid,43
2018,March,Loddon,Unsolved,141
2018,March,Macedon Ranges,Charges laid,669
2018,March,Macedon Ranges,No charges laid,215
2018,March,Macedon Ranges,Unsolved,638
2018,March,Manningham,Charges laid,1194
2018,March,Manningham,No charges laid,432
2018,March,Manningham,Unsolved,2034
2018,March,Mansfield,Charges laid,177
2018,March,Mansfield,No charges laid,64
2018,March,Mansfield,Unsolved,212
2018,March,Maribyrnong,Charges laid,2153
2018,March,Maribyrnong,No charges laid,677
2018,March,Maribyrnong,Unsolved,3752
2018,March,Maroondah,Charges laid,2697
2018,March,Maroondah,No charges laid,872
2018,March,Maroondah,Unsolved,2311
2018,March,Melbourne,Charges laid,10445
2018,March,Melbourne,No charges laid,5020
2018,March,Melbourne,Unsolved,11384
2018,March,Melton,Charges laid,3165
2018,March,Melton,No charges laid,808
2018,March,Melton,Unsolved,3830
2018,March,Mildura,Charges laid,2441
2018,March,Mildura,No charges laid,906
2018,March,Mildura,Unsolved,1475
2018,March,Mitchell,Charges laid,1456
2018,March,Mitchell,No charges laid,576
2018,March,Mitchell,Unsolved,1009
2018,March,Moira,Charges laid,846
2018,March,Moira,No charges laid,212
2018,March,Moira,Unsolved,446
2018,March,Monash,Charges laid,2532
2018,March,Monash,No charges laid,827
2018,March,Monash,Unsolved,4940
2018,March,Moonee Valley,Charges laid,2282
2018,March,Moonee Valley,No charges laid,835
2018,March,Moonee Valley,Unsolved,3575
2018,March,Moorabool,Charges laid,771
2018,March,Moorabool,No charges laid,245
2018,March,Moorabool,Unsolved,807
2018,March,Moreland,Charges laid,3177
2018,March,Moreland,No charges laid,1375
2018,March,Moreland,Unsolved,6468
2018,March,Mornington Peninsula,Charges laid,3349
2018,March,Mornington Peninsula,No charges laid,1572
2018,March,Mornington Peninsula,Unsolved,3598
2018,March,Mount Alexander,Charges laid,373
2018,March,Mount Alexander,No charges laid,103
2018,March,Mount Alexander,Unsolved,257
2018,March,Moyne,Charges laid,188
2018,March,Moyne,No charges laid,94
2018,March,Moyne,Unsolved,182
2018,March,Murrindindi,Charges laid,199
2018,March,Murrindindi,No charges laid,123
2018,March,Murrindindi,Unsolved,210
2018,March,Nillumbik,Charges laid,597
2018,March,Nillumbik,No charges laid,240
2018,March,Nillumbik,Unsolved,958
2018,March,Northern Grampians,Charges laid,409
2018,March,Northern Grampians,No charges laid,203
2018,March,Northern Grampians,Unsolved,190
2018,March,Port Phillip,Charges laid,3120
2018,March,Port Phillip,No charges laid,1382
2018,March,Port Phillip,Unsolved,5278
2018,March,Pyrenees,Charges laid,108
2018,March,Pyrenees,No charges laid,46
2018,March,Pyrenees,Unsolved,153
2018,March,Queenscliffe,Charges laid,19
2018,March,Queenscliffe,No charges laid,12
2018,March,Queenscliffe,Unsolved,77
2018,March,South Gippsland,Charges laid,522
2018,March,South Gippsland,No charges laid,172
2018,March,South Gippsland,Unsolved,312
2018,March,Southern Grampians,Charges laid,573
2018,March,Southern Grampians,No charges laid,185
2018,March,Southern Grampians,Unsolved,246
2018,March,Stonnington,Charges laid,2663
2018,March,Stonnington,No charges laid,1169
2018,March,Stonnington,Unsolved,4169
2018,March,Strathbogie,Charges laid,186
2018,March,Strathbogie,No charges laid,76
2018,March,Strathbogie,Unsolved,176
2018,March,Surf Coast,Charges laid,254
2018,March,Surf Coast,No charges laid,172
2018,March,Surf Coast,Unsolved,526
2018,March,Swan Hill,Charges laid,1101
2018,March,Swan Hill,No charges laid,288
2018,March,Swan Hill,Unsolved,363
2018,March,Towong,Charges laid,74
2018,March,Towong,No charges laid,29
2018,March,Towong,Unsolved,68
2018,March,Wangaratta,Charges laid,890
2018,March,Wangaratta,No charges laid,393
2018,March,Wangaratta,Unsolved,516
2018,March,Warrnambool,Charges laid,1507
2018,March,Warrnambool,No charges laid,501
2018,March,Warrnambool,Unsolved,699
2018,March,Wellington,Charges laid,1225
2018,March,Wellington,No charges laid,526
2018,March,Wellington,Unsolved,906
2018,March,West Wimmera,Charges laid,48
2018,March,West Wimmera,No charges laid,20
2018,March,West Wimmera,Unsolved,46
2018,March,Whitehorse,Charges laid,2156
2018,March,Whitehorse,No charges laid,664
2018,March,Whitehorse,Unsolved,3677
2018,March,Whittlesea,Charges laid,4306
2018,March,Whittlesea,No charges laid,1539
2018,March,Whittlesea,Unsolved,5495
2018,March,Wodonga,Charges laid,1295
2018,March,Wodonga,No charges laid,303
2018,March,Wodonga,Unsolved,771
2018,March,Wyndham,Charges laid,4605
2018,March,Wyndham,No charges laid,1158
2018,March,Wyndham,Unsolved,5098
2018,March,Yarra,Charges laid,3480
2018,March,Yarra,No charges laid,1167
2018,March,Yarra,Unsolved,6001
2018,March,Yarra Ranges,Charges laid,2540
2018,March,Yarra Ranges,No charges laid,860
2018,March,Yarra Ranges,Unsolved,2116
2018,March,Yarriambiack,Charges laid,157
2018,March,Yarriambiack,No charges laid,50
2018,March,Yarriambiack,Unsolved,151
2017,March,Alpine,Charges laid,145
2017,March,Alpine,No charges laid,59
2017,March,Alpine,Unsolved,76
2017,March,Ararat,Charges laid,510
2017,March,Ararat,No charges laid,180
2017,March,Ararat,Unsolved,219
2017,March,Ballarat,Charges laid,3520
2017,March,Ballarat,No charges laid,924
2017,March,Ballarat,Unsolved,4772
2017,March,Banyule,Charges laid,2797
2017,March,Banyule,No charges laid,650
2017,March,Banyule,Unsolved,4000
2017,March,Bass Coast,Charges laid,871
2017,March,Bass Coast,No charges laid,380
2017,March,Bass Coast,Unsolved,735
2017,March,Baw Baw,Charges laid,1413
2017,March,Baw Baw,No charges laid,437
2017,March,Baw Baw,Unsolved,1044
2017,March,Bayside,Charges laid,1098
2017,March,Bayside,No charges laid,617
2017,March,Bayside,Unsolved,2412
2017,March,Benalla,Charges laid,517
2017,March,Benalla,No charges laid,177
2017,March,Benalla,Unsolved,306
2017,March,Boroondara,Charges laid,1765
2017,March,Boroondara,No charges laid,667
2017,March,Boroondara,Unsolved,4575
2017,March,Brimbank,Charges laid,5918
2017,March,Brimbank,No charges laid,1152
2017,March,Brimbank,Unsolved,7600
2017,March,Buloke,Charges laid,59
2017,March,Buloke,No charges laid,30
2017,March,Buloke,Unsolved,52
2017,March,Campaspe,Charges laid,1290
2017,March,Campaspe,No charges laid,313
2017,March,Campaspe,Unsolved,1138
2017,March,Cardinia,Charges laid,1869
2017,March,Cardinia,No charges laid,759
2017,March,Cardinia,Unsolved,2571
2017,March,Casey,Charges laid,6056
2017,March,Casey,No charges laid,2646
2017,March,Casey,Unsolved,9406
2017,March,Central Goldfields,Charges laid,526
2017,March,Central Goldfields,No charges laid,155
2017,March,Central Goldfields,Unsolved,268
2017,March,Colac-Otway,Charges laid,777
2017,March,Colac-Otway,No charges laid,273
2017,March,Colac-Otway,Unsolved,566
2017,March,Corangamite,Charges laid,379
2017,March,Corangamite,No charges laid,90
2017,March,Corangamite,Unsolved,332
2017,March,Darebin,Charges laid,4384
2017,March,Darebin,No charges laid,1115
2017,March,Darebin,Unsolved,7701
2017,March,East Gippsland,Charges laid,1442
2017,March,East Gippsland,No charges laid,672
2017,March,East Gippsland,Unsolved,837
2017,March,Frankston,Charges laid,6199
2017,March,Frankston,No charges laid,1554
2017,March,Frankston,Unsolved,4598
2017,March,Gannawarra,Charges laid,275
2017,March,Gannawarra,No charges laid,93
2017,March,Gannawarra,Unsolved,160
2017,March,Glen Eira,Charges laid,1651
2017,March,Glen Eira,No charges laid,833
2017,March,Glen Eira,Unsolved,3389
2017,March,Glenelg,Charges laid,639
2017,March,Glenelg,No charges laid,208
2017,March,Glenelg,Unsolved,533
2017,March,Golden Plains,Charges laid,197
2017,March,Golden Plains,No charges laid,75
2017,March,Golden Plains,Unsolved,318
2017,March,Greater Bendigo,Charges laid,4008
2017,March,Greater Bendigo,No charges laid,1013
2017,March,Greater Bendigo,Unsolved,3011
2017,March,Greater Dandenong,Charges laid,5940
2017,March,Greater Dandenong,No charges laid,2270
2017,March,Greater Dandenong,Unsolved,7248
2017,March,Greater Geelong,Charges laid,6817
2017,March,Greater Geelong,No charges laid,1802
2017,March,Greater Geelong,Unsolved,9465
2017,March,Greater Shepparton,Charges laid,3172
2017,March,Greater Shepparton,No charges laid,879
2017,March,Greater Shepparton,Unsolved,2256
2017,March,Hepburn,Charges laid,240
2017,March,Hepburn,No charges laid,63
2017,March,Hepburn,Unsolved,420
2017,March,Hindmarsh,Charges laid,131
2017,March,Hindmarsh,No charges laid,64
2017,March,Hindmarsh,Unsolved,93
2017,March,Hobsons Bay,Charges laid,2075
2017,March,Hobsons Bay,No charges laid,568
2017,March,Hobsons Bay,Unsolved,2584
2017,March,Horsham,Charges laid,964
2017,March,Horsham,No charges laid,327
2017,March,Horsham,Unsolved,465
2017,March,Hume,Charges laid,6150
2017,March,Hume,No charges laid,1907
2017,March,Hume,Unsolved,8976
2017,March,Indigo,Charges laid,154
2017,March,Indigo,No charges laid,59
2017,March,Indigo,Unsolved,137
2017,March,Kingston,Charges laid,3066
2017,March,Kingston,No charges laid,1295
2017,March,Kingston,Unsolved,4020
2017,March,Knox,Charges laid,3486
2017,March,Knox,No charges laid,1033
2017,March,Knox,Unsolved,4804
2017,March,Latrobe,Charges laid,5429
2017,March,Latrobe,No charges laid,1679
2017,March,Latrobe,Unsolved,3240
2017,March,Loddon,Charges laid,160
2017,March,Loddon,No charges laid,83
2017,March,Loddon,Unsolved,150
2017,March,Macedon Ranges,Charges laid,828
2017,March,Macedon Ranges,No charges laid,206
2017,March,Macedon Ranges,Unsolved,609
2017,March,Manningham,Charges laid,1279
2017,March,Manningham,No charges laid,405
2017,March,Manningham,Unsolved,2380
2017,March,Mansfield,Charges laid,216
2017,March,Mansfield,No charges laid,77
2017,March,Mansfield,Unsolved,177
2017,March,Maribyrnong,Charges laid,2637
2017,March,Maribyrnong,No charges laid,664
2017,March,Maribyrnong,Unsolved,3892
2017,March,Maroondah,Charges laid,3191
2017,March,Maroondah,No charges laid,852
2017,March,Maroondah,Unsolved,3027
2017,March,Melbourne,Charges laid,10864
2017,March,Melbourne,No charges laid,4808
2017,March,Melbourne,Unsolved,12442
2017,March,Melton,Charges laid,3307
2017,March,Melton,No charges laid,713
2017,March,Melton,Unsolved,4948
2017,March,Mildura,Charges laid,2460
2017,March,Mildura,No charges laid,959
2017,March,Mildura,Unsolved,1797
2017,March,Mitchell,Charges laid,1464
2017,March,Mitchell,No charges laid,563
2017,March,Mitchell,Unsolved,1113
2017,March,Moira,Charges laid,735
2017,March,Moira,No charges laid,231
2017,March,Moira,Unsolved,410
2017,March,Monash,Charges laid,2863
2017,March,Monash,No charges laid,900
2017,March,Monash,Unsolved,5265
2017,March,Moonee Valley,Charges laid,2417
2017,March,Moonee Valley,No charges laid,922
2017,March,Moonee Valley,Unsolved,4420
2017,March,Moorabool,Charges laid,861
2017,March,Moorabool,No charges laid,200
2017,March,Moorabool,Unsolved,920
2017,March,Moreland,Charges laid,3382
2017,March,Moreland,No charges laid,1130
2017,March,Moreland,Unsolved,7286
2017,March,Mornington Peninsula,Charges laid,3397
2017,March,Mornington Peninsula,No charges laid,1797
2017,March,Mornington Peninsula,Unsolved,3748
2017,March,Mount Alexander,Charges laid,411
2017,March,Mount Alexander,No charges laid,124
2017,March,Mount Alexander,Unsolved,373
2017,March,Moyne,Charges laid,187
2017,March,Moyne,No charges laid,87
2017,March,Moyne,Unsolved,214
2017,March,Murrindindi,Charges laid,213
2017,March,Murrindindi,No charges laid,97
2017,March,Murrindindi,Unsolved,214
2017,March,Nillumbik,Charges laid,677
2017,March,Nillumbik,No charges laid,258
2017,March,Nillumbik,Unsolved,1236
2017,March,Northern Grampians,Charges laid,480
2017,March,Northern Grampians,No charges laid,189
2017,March,Northern Grampians,Unsolved,264
2017,March,Port Phillip,Charges laid,3017
2017,March,Port Phillip,No charges laid,1185
2017,March,Port Phillip,Unsolved,6266
2017,March,Pyrenees,Charges laid,109
2017,March,Pyrenees,No charges laid,67
2017,March,Pyrenees,Unsolved,184
2017,March,Queenscliffe,Charges laid,43
2017,March,Queenscliffe,No charges laid,10
2017,March,Queenscliffe,Unsolved,82
2017,March,South Gippsland,Charges laid,561
2017,March,South Gippsland,No charges laid,170
2017,March,South Gippsland,Unsolved,414
2017,March,Southern Grampians,Charges laid,603
2017,March,Southern Grampians,No charges laid,153
2017,March,Southern Grampians,Unsolved,269
2017,March,Stonnington,Charges laid,2902
2017,March,Stonnington,No charges laid,1102
2017,March,Stonnington,Unsolved,5103
2017,March,Strathbogie,Charges laid,234
2017,March,Strathbogie,No charges laid,59
2017,March,Strathbogie,Unsolved,169
2017,March,Surf Coast,Charges laid,359
2017,March,Surf Coast,No charges laid,145
2017,March,Surf Coast,Unsolved,564
2017,March,Swan Hill,Charges laid,962
2017,March,Swan Hill,No charges laid,370
2017,March,Swan Hill,Unsolved,421
2017,March,Towong,Charges laid,79
2017,March,Towong,No charges laid,41
2017,March,Towong,Unsolved,54
2017,March,Wangaratta,Charges laid,995
2017,March,Wangaratta,No charges laid,389
2017,March,Wangaratta,Unsolved,493
2017,March,Warrnambool,Charges laid,1343
2017,March,Warrnambool,No charges laid,459
2017,March,Warrnambool,Unsolved,787
2017,March,Wellington,Charges laid,1540
2017,March,Wellington,No charges laid,583
2017,March,Wellington,Unsolved,1101
2017,March,West Wimmera,Charges laid,52
2017,March,West Wimmera,No charges laid,30
2017,March,West Wimmera,Unsolved,41
2017,March,Whitehorse,Charges laid,2082
2017,March,Whitehorse,No charges laid,667
2017,March,Whitehorse,Unsolved,3865
2017,March,Whittlesea,Charges laid,4203
2017,March,Whittlesea,No charges laid,1412
2017,March,Whittlesea,Unsolved,7255
2017,March,Wodonga,Charges laid,1324
2017,March,Wodonga,No charges laid,317
2017,March,Wodonga,Unsolved,891
2017,March,Wyndham,Charges laid,4536
2017,March,Wyndham,No charges laid,1115
2017,March,Wyndham,Unsolved,6315
2017,March,Yarra,Charges laid,3582
2017,March,Yarra,No charges laid,1144
2017,March,Yarra,Unsolved,6584
2017,March,Yarra Ranges,Charges laid,2894
2017,March,Yarra Ranges,No charges laid,819
2017,March,Yarra Ranges,Unsolved,2722
2017,March,Yarriambiack,Charges laid,173
2017,March,Yarriambiack,No charges laid,58
2017,March,Yarriambiack,Unsolved,99
2016,March,Alpine,Charges laid,144
2016,March,Alpine,No charges laid,71
2016,March,Alpine,Unsolved,113
2016,March,Ararat,Charges laid,434
2016,March,Ararat,No charges laid,164
2016,March,Ararat,Unsolved,281
2016,March,Ballarat,Charges laid,3249
2016,March,Ballarat,No charges laid,988
2016,March,Ballarat,Unsolved,4797
2016,March,Banyule,Charges laid,2638
2016,March,Banyule,No charges laid,1085
2016,March,Banyule,Unsolved,3501
2016,March,Bass Coast,Charges laid,896
2016,March,Bass Coast,No charges laid,419
2016,March,Bass Coast,Unsolved,708
2016,March,Baw Baw,Charges laid,1255
2016,March,Baw Baw,No charges laid,485
2016,March,Baw Baw,Unsolved,912
2016,March,Bayside,Charges laid,961
2016,March,Bayside,No charges laid,491
2016,March,Bayside,Unsolved,2375
2016,March,Benalla,Charges laid,434
2016,March,Benalla,No charges laid,181
2016,March,Benalla,Unsolved,276
2016,March,Boroondara,Charges laid,1528
2016,March,Boroondara,No charges laid,603
2016,March,Boroondara,Unsolved,4021
2016,March,Brimbank,Charges laid,5911
2016,March,Brimbank,No charges laid,1222
2016,March,Brimbank,Unsolved,7837
2016,March,Buloke,Charges laid,68
2016,March,Buloke,No charges laid,22
2016,March,Buloke,Unsolved,87
2016,March,Campaspe,Charges laid,1086
2016,March,Campaspe,No charges laid,386
2016,March,Campaspe,Unsolved,1046
2016,March,Cardinia,Charges laid,1799
2016,March,Cardinia,No charges laid,836
2016,March,Cardinia,Unsolved,2321
2016,March,Casey,Charges laid,5729
2016,March,Casey,No charges laid,2254
2016,March,Casey,Unsolved,7802
2016,March,Central Goldfields,Charges laid,495
2016,March,Central Goldfields,No charges laid,147
2016,March,Central Goldfields,Unsolved,269
2016,March,Colac-Otway,Charges laid,567
2016,March,Colac-Otway,No charges laid,206
2016,March,Colac-Otway,Unsolved,434
2016,March,Corangamite,Charges laid,231
2016,March,Corangamite,No charges laid,92
2016,March,Corangamite,Unsolved,240
2016,March,Darebin,Charges laid,3808
2016,March,Darebin,No charges laid,1102
2016,March,Darebin,Unsolved,6983
2016,March,East Gippsland,Charges laid,1403
2016,March,East Gippsland,No charges laid,694
2016,March,East Gippsland,Unsolved,1181
2016,March,Frankston,Charges laid,5192
2016,March,Frankston,No charges laid,1463
2016,March,Frankston,Unsolved,4526
2016,March,Gannawarra,Charges laid,195
2016,March,Gannawarra,No charges laid,79
2016,March,Gannawarra,Unsolved,166
2016,March,Glen Eira,Charges laid,1395
2016,March,Glen Eira,No charges laid,732
2016,March,Glen Eira,Unsolved,3080
2016,March,Glenelg,Charges laid,563
2016,March,Glenelg,No charges laid,175
2016,March,Glenelg,Unsolved,508
2016,March,Golden Plains,Charges laid,138
2016,March,Golden Plains,No charges laid,55
2016,March,Golden Plains,Unsolved,407
2016,March,Greater Bendigo,Charges laid,2960
2016,March,Greater Bendigo,No charges laid,946
2016,March,Greater Bendigo,Unsolved,2733
2016,March,Greater Dandenong,Charges laid,5657
2016,March,Greater Dandenong,No charges laid,2083
2016,March,Greater Dandenong,Unsolved,6322
2016,March,Greater Geelong,Charges laid,5453
2016,March,Greater Geelong,No charges laid,1956
2016,March,Greater Geelong,Unsolved,9478
2016,March,Greater Shepparton,Charges laid,2539
2016,March,Greater Shepparton,No charges laid,808
2016,March,Greater Shepparton,Unsolved,2323
2016,March,Hepburn,Charges laid,211
2016,March,Hepburn,No charges laid,50
2016,March,Hepburn,Unsolved,351
2016,March,Hindmarsh,Charges laid,90
2016,March,Hindmarsh,No charges laid,39
2016,March,Hindmarsh,Unsolved,39
2016,March,Hobsons Bay,Charges laid,1981
2016,March,Hobsons Bay,No charges laid,629
2016,March,Hobsons Bay,Unsolved,2931
2016,March,Horsham,Charges laid,1164
2016,March,Horsham,No charges laid,333
2016,March,Horsham,Unsolved,539
2016,March,Hume,Charges laid,5708
2016,March,Hume,No charges laid,1752
2016,March,Hume,Unsolved,8138
2016,March,Indigo,Charges laid,157
2016,March,Indigo,No charges laid,49
2016,March,Indigo,Unsolved,177
2016,March,Kingston,Charges laid,3060
2016,March,Kingston,No charges laid,1190
2016,March,Kingston,Unsolved,4115
2016,March,Knox,Charges laid,2846
2016,March,Knox,No charges laid,1018
2016,March,Knox,Unsolved,3819
2016,March,Latrobe,Charges laid,4795
2016,March,Latrobe,No charges laid,1688
2016,March,Latrobe,Unsolved,2889
2016,March,Loddon,Charges laid,121
2016,March,Loddon,No charges laid,49
2016,March,Loddon,Unsolved,139
2016,March,Macedon Ranges,Charges laid,646
2016,March,Macedon Ranges,No charges laid,225
2016,March,Macedon Ranges,Unsolved,746
2016,March,Manningham,Charges laid,1017
2016,March,Manningham,No charges laid,446
2016,March,Manningham,Unsolved,1940
2016,March,Mansfield,Charges laid,184
2016,March,Mansfield,No charges laid,73
2016,March,Mansfield,Unsolved,159
2016,March,Maribyrnong,Charges laid,2716
2016,March,Maribyrnong,No charges laid,660
2016,March,Maribyrnong,Unsolved,3802
2016,March,Maroondah,Charges laid,2681
2016,March,Maroondah,No charges laid,768
2016,March,Maroondah,Unsolved,2614
2016,March,Melbourne,Charges laid,9821
2016,March,Melbourne,No charges laid,4830
2016,March,Melbourne,Unsolved,11040
2016,March,Melton,Charges laid,3074
2016,March,Melton,No charges laid,697
2016,March,Melton,Unsolved,5023
2016,March,Mildura,Charges laid,2061
2016,March,Mildura,No charges laid,774
2016,March,Mildura,Unsolved,1865
2016,March,Mitchell,Charges laid,1280
2016,March,Mitchell,No charges laid,566
2016,March,Mitchell,Unsolved,1135
2016,March,Moira,Charges laid,532
2016,March,Moira,No charges laid,261
2016,March,Moira,Unsolved,396
2016,March,Monash,Charges laid,2377
2016,March,Monash,No charges laid,832
2016,March,Monash,Unsolved,4667
2016,March,Moonee Valley,Charges laid,2133
2016,March,Moonee Valley,No charges laid,886
2016,March,Moonee Valley,Unsolved,4047
2016,March,Moorabool,Charges laid,676
2016,March,Moorabool,No charges laid,210
2016,March,Moorabool,Unsolved,780
2016,March,Moreland,Charges laid,3175
2016,March,Moreland,No charges laid,1114
2016,March,Moreland,Unsolved,6884
2016,March,Mornington Peninsula,Charges laid,3140
2016,March,Mornington Peninsula,No charges laid,1555
2016,March,Mornington Peninsula,Unsolved,3896
2016,March,Mount Alexander,Charges laid,341
2016,March,Mount Alexander,No charges laid,149
2016,March,Mount Alexander,Unsolved,318
2016,March,Moyne,Charges laid,188
2016,March,Moyne,No charges laid,81
2016,March,Moyne,Unsolved,158
2016,March,Murrindindi,Charges laid,170
2016,March,Murrindindi,No charges laid,119
2016,March,Murrindindi,Unsolved,280
2016,March,Nillumbik,Charges laid,660
2016,March,Nillumbik,No charges laid,255
2016,March,Nillumbik,Unsolved,1177
2016,March,Northern Grampians,Charges laid,386
2016,March,Northern Grampians,No charges laid,191
2016,March,Northern Grampians,Unsolved,247
2016,March,Port Phillip,Charges laid,2686
2016,March,Port Phillip,No charges laid,1527
2016,March,Port Phillip,Unsolved,5634
2016,March,Pyrenees,Charges laid,143
2016,March,Pyrenees,No charges laid,47
2016,March,Pyrenees,Unsolved,224
2016,March,Queenscliffe,Charges laid,30
2016,March,Queenscliffe,No charges laid,9
2016,March,Queenscliffe,Unsolved,107
2016,March,South Gippsland,Charges laid,446
2016,March,South Gippsland,No charges laid,153
2016,March,South Gippsland,Unsolved,294
2016,March,Southern Grampians,Charges laid,433
2016,March,Southern Grampians,No charges laid,176
2016,March,Southern Grampians,Unsolved,242
2016,March,Stonnington,Charges laid,2500
2016,March,Stonnington,No charges laid,993
2016,March,Stonnington,Unsolved,4554
2016,March,Strathbogie,Charges laid,161
2016,March,Strathbogie,No charges laid,59
2016,March,Strathbogie,Unsolved,180
2016,March,Surf Coast,Charges laid,322
2016,March,Surf Coast,No charges laid,141
2016,March,Surf Coast,Unsolved,744
2016,March,Swan Hill,Charges laid,904
2016,March,Swan Hill,No charges laid,367
2016,March,Swan Hill,Unsolved,337
2016,March,Towong,Charges laid,79
2016,March,Towong,No charges laid,30
2016,March,Towong,Unsolved,72
2016,March,Wangaratta,Charges laid,752
2016,March,Wangaratta,No charges laid,437
2016,March,Wangaratta,Unsolved,478
2016,March,Warrnambool,Charges laid,1103
2016,March,Warrnambool,No charges laid,357
2016,March,Warrnambool,Unsolved,747
2016,March,Wellington,Charges laid,1385
2016,March,Wellington,No charges laid,640
2016,March,Wellington,Unsolved,1077
2016,March,West Wimmera,Charges laid,51
2016,March,West Wimmera,No charges laid,31
2016,March,West Wimmera,Unsolved,33
2016,March,Whitehorse,Charges laid,1945
2016,March,Whitehorse,No charges laid,618
2016,March,Whitehorse,Unsolved,3274
2016,March,Whittlesea,Charges laid,3536
2016,March,Whittlesea,No charges laid,1234
2016,March,Whittlesea,Unsolved,6324
2016,March,Wodonga,Charges laid,1382
2016,March,Wodonga,No charges laid,292
2016,March,Wodonga,Unsolved,893
2016,March,Wyndham,Charges laid,4173
2016,March,Wyndham,No charges laid,1066
2016,March,Wyndham,Unsolved,6711
2016,March,Yarra,Charges laid,3350
2016,March,Yarra,No charges laid,1125
2016,March,Yarra,Unsolved,5908
2016,March,Yarra Ranges,Charges laid,2441
2016,March,Yarra Ranges,No charges laid,903
2016,March,Yarra Ranges,Unsolved,2393
2016,March,Yarriambiack,Charges laid,135
2016,March,Yarriambiack,No charges laid,67
2016,March,Yarriambiack,Unsolved,129
2015,March,Alpine,Charges laid,143
2015,March,Alpine,No charges laid,81
2015,March,Alpine,Unsolved,75
2015,March,Ararat,Charges laid,393
2015,March,Ararat,No charges laid,218
2015,March,Ararat,Unsolved,249
2015,March,Ballarat,Charges laid,2908
2015,March,Ballarat,No charges laid,1200
2015,March,Ballarat,Unsolved,3717
2015,March,Banyule,Charges laid,2879
2015,March,Banyule,No charges laid,690
2015,March,Banyule,Unsolved,3008
2015,March,Bass Coast,Charges laid,780
2015,March,Bass Coast,No charges laid,472
2015,March,Bass Coast,Unsolved,645
2015,March,Baw Baw,Charges laid,1085
2015,March,Baw Baw,No charges laid,473
2015,March,Baw Baw,Unsolved,739
2015,March,Bayside,Charges laid,865
2015,March,Bayside,No charges laid,532
2015,March,Bayside,Unsolved,1964
2015,March,Benalla,Charges laid,393
2015,March,Benalla,No charges laid,131
2015,March,Benalla,Unsolved,265
2015,March,Boroondara,Charges laid,1248
2015,March,Boroondara,No charges laid,584
2015,March,Boroondara,Unsolved,3807
2015,March,Brimbank,Charges laid,5216
2015,March,Brimbank,No charges laid,1189
2015,March,Brimbank,Unsolved,7328
2015,March,Buloke,Charges laid,70
2015,March,Buloke,No charges laid,38
2015,March,Buloke,Unsolved,92
2015,March,Campaspe,Charges laid,887
2015,March,Campaspe,No charges laid,331
2015,March,Campaspe,Unsolved,1063
2015,March,Cardinia,Charges laid,1395
2015,March,Cardinia,No charges laid,801
2015,March,Cardinia,Unsolved,1746
2015,March,Casey,Charges laid,4536
2015,March,Casey,No charges laid,2314
2015,March,Casey,Unsolved,6654
2015,March,Central Goldfields,Charges laid,387
2015,March,Central Goldfields,No charges laid,162
2015,March,Central Goldfields,Unsolved,259
2015,March,Colac-Otway,Charges laid,411
2015,March,Colac-Otway,No charges laid,258
2015,March,Colac-Otway,Unsolved,386
2015,March,Corangamite,Charges laid,180
2015,March,Corangamite,No charges laid,66
2015,March,Corangamite,Unsolved,199
2015,March,Darebin,Charges laid,3190
2015,March,Darebin,No charges laid,1114
2015,March,Darebin,Unsolved,6469
2015,March,East Gippsland,Charges laid,1232
2015,March,East Gippsland,No charges laid,747
2015,March,East Gippsland,Unsolved,961
2015,March,Frankston,Charges laid,4854
2015,March,Frankston,No charges laid,1969
2015,March,Frankston,Unsolved,3574
2015,March,Gannawarra,Charges laid,207
2015,March,Gannawarra,No charges laid,87
2015,March,Gannawarra,Unsolved,139
2015,March,Glen Eira,Charges laid,1081
2015,March,Glen Eira,No charges laid,688
2015,March,Glen Eira,Unsolved,2706
2015,March,Glenelg,Charges laid,571
2015,March,Glenelg,No charges laid,243
2015,March,Glenelg,Unsolved,590
2015,March,Golden Plains,Charges laid,130
2015,March,Golden Plains,No charges laid,54
2015,March,Golden Plains,Unsolved,306
2015,March,Greater Bendigo,Charges laid,2751
2015,March,Greater Bendigo,No charges laid,1136
2015,March,Greater Bendigo,Unsolved,2201
2015,March,Greater Dandenong,Charges laid,4973
2015,March,Greater Dandenong,No charges laid,2042
2015,March,Greater Dandenong,Unsolved,5150
2015,March,Greater Geelong,Charges laid,4530
2015,March,Greater Geelong,No charges laid,2088
2015,March,Greater Geelong,Unsolved,8161
2015,March,Greater Shepparton,Charges laid,2345
2015,March,Greater Shepparton,No charges laid,819
2015,March,Greater Shepparton,Unsolved,2412
2015,March,Hepburn,Charges laid,158
2015,March,Hepburn,No charges laid,75
2015,March,Hepburn,Unsolved,267
2015,March,Hindmarsh,Charges laid,75
2015,March,Hindmarsh,No charges laid,33
2015,March,Hindmarsh,Unsolved,44
2015,March,Hobsons Bay,Charges laid,1875
2015,March,Hobsons Bay,No charges laid,713
2015,March,Hobsons Bay,Unsolved,2785
2015,March,Horsham,Charges laid,830
2015,March,Horsham,No charges laid,376
2015,March,Horsham,Unsolved,466
2015,March,Hume,Charges laid,4975
2015,March,Hume,No charges laid,1591
2015,March,Hume,Unsolved,6920
2015,March,Indigo,Charges laid,112
2015,March,Indigo,No charges laid,55
2015,March,Indigo,Unsolved,148
2015,March,Kingston,Charges laid,2617
2015,March,Kingston,No charges laid,1256
2015,March,Kingston,Unsolved,3367
2015,March,Knox,Charges laid,2574
2015,March,Knox,No charges laid,1021
2015,March,Knox,Unsolved,3338
2015,March,Latrobe,Charges laid,4049
2015,March,Latrobe,No charges laid,1525
2015,March,Latrobe,Unsolved,2510
2015,March,Loddon,Charges laid,106
2015,March,Loddon,No charges laid,40
2015,March,Loddon,Unsolved,105
2015,March,Macedon Ranges,Charges laid,568
2015,March,Macedon Ranges,No charges laid,201
2015,March,Macedon Ranges,Unsolved,650
2015,March,Manningham,Charges laid,975
2015,March,Manningham,No charges laid,432
2015,March,Manningham,Unsolved,1739
2015,March,Mansfield,Charges laid,126
2015,March,Mansfield,No charges laid,55
2015,March,Mansfield,Unsolved,145
2015,March,Maribyrnong,Charges laid,2152
2015,March,Maribyrnong,No charges laid,879
2015,March,Maribyrnong,Unsolved,3405
2015,March,Maroondah,Charges laid,2370
2015,March,Maroondah,No charges laid,795
2015,March,Maroondah,Unsolved,2448
2015,March,Melbourne,Charges laid,8720
2015,March,Melbourne,No charges laid,5854
2015,March,Melbourne,Unsolved,9100
2015,March,Melton,Charges laid,2599
2015,March,Melton,No charges laid,720
2015,March,Melton,Unsolved,4182
2015,March,Mildura,Charges laid,1791
2015,March,Mildura,No charges laid,973
2015,March,Mildura,Unsolved,1863
2015,March,Mitchell,Charges laid,914
2015,March,Mitchell,No charges laid,481
2015,March,Mitchell,Unsolved,797
2015,March,Moira,Charges laid,429
2015,March,Moira,No charges laid,249
2015,March,Moira,Unsolved,400
2015,March,Monash,Charges laid,1956
2015,March,Monash,No charges laid,718
2015,March,Monash,Unsolved,4234
2015,March,Moonee Valley,Charges laid,1938
2015,March,Moonee Valley,No charges laid,843
2015,March,Moonee Valley,Unsolved,3707
2015,March,Moorabool,Charges laid,517
2015,March,Moorabool,No charges laid,232
2015,March,Moorabool,Unsolved,768
2015,March,Moreland,Charges laid,2641
2015,March,Moreland,No charges laid,1088
2015,March,Moreland,Unsolved,6593
2015,March,Mornington Peninsula,Charges laid,2645
2015,March,Mornington Peninsula,No charges laid,1579
2015,March,Mornington Peninsula,Unsolved,3142
2015,March,Mount Alexander,Charges laid,299
2015,March,Mount Alexander,No charges laid,127
2015,March,Mount Alexander,Unsolved,256
2015,March,Moyne,Charges laid,189
2015,March,Moyne,No charges laid,78
2015,March,Moyne,Unsolved,181
2015,March,Murrindindi,Charges laid,200
2015,March,Murrindindi,No charges laid,107
2015,March,Murrindindi,Unsolved,171
2015,March,Nillumbik,Charges laid,510
2015,March,Nillumbik,No charges laid,257
2015,March,Nillumbik,Unsolved,886
2015,March,Northern Grampians,Charges laid,347
2015,March,Northern Grampians,No charges laid,198
2015,March,Northern Grampians,Unsolved,224
2015,March,Port Phillip,Charges laid,2607
2015,March,Port Phillip,No charges laid,1545
2015,March,Port Phillip,Unsolved,4986
2015,March,Pyrenees,Charges laid,108
2015,March,Pyrenees,No charges laid,40
2015,March,Pyrenees,Unsolved,204
2015,March,Queenscliffe,Charges laid,23
2015,March,Queenscliffe,No charges laid,13
2015,March,Queenscliffe,Unsolved,70
2015,March,South Gippsland,Charges laid,446
2015,March,South Gippsland,No charges laid,142
2015,March,South Gippsland,Unsolved,364
2015,March,Southern Grampians,Charges laid,300
2015,March,Southern Grampians,No charges laid,149
2015,March,Southern Grampians,Unsolved,230
2015,March,Stonnington,Charges laid,2053
2015,March,Stonnington,No charges laid,1119
2015,March,Stonnington,Unsolved,4093
2015,March,Strathbogie,Charges laid,130
2015,March,Strathbogie,No charges laid,65
2015,March,Strathbogie,Unsolved,127
2015,March,Surf Coast,Charges laid,234
2015,March,Surf Coast,No charges laid,143
2015,March,Surf Coast,Unsolved,524
2015,March,Swan Hill,Charges laid,818
2015,March,Swan Hill,No charges laid,406
2015,March,Swan Hill,Unsolved,418
2015,March,Towong,Charges laid,47
2015,March,Towong,No charges laid,33
2015,March,Towong,Unsolved,61
2015,March,Wangaratta,Charges laid,709
2015,March,Wangaratta,No charges laid,478
2015,March,Wangaratta,Unsolved,447
2015,March,Warrnambool,Charges laid,951
2015,March,Warrnambool,No charges laid,391
2015,March,Warrnambool,Unsolved,666
2015,March,Wellington,Charges laid,1143
2015,March,Wellington,No charges laid,555
2015,March,Wellington,Unsolved,1170
2015,March,West Wimmera,Charges laid,45
2015,March,West Wimmera,No charges laid,10
2015,March,West Wimmera,Unsolved,25
2015,March,Whitehorse,Charges laid,1713
2015,March,Whitehorse,No charges laid,612
2015,March,Whitehorse,Unsolved,3322
2015,March,Whittlesea,Charges laid,3223
2015,March,Whittlesea,No charges laid,1391
2015,March,Whittlesea,Unsolved,5389
2015,March,Wodonga,Charges laid,1252
2015,March,Wodonga,No charges laid,301
2015,March,Wodonga,Unsolved,907
2015,March,Wyndham,Charges laid,3340
2015,March,Wyndham,No charges laid,925
2015,March,Wyndham,Unsolved,5744
2015,March,Yarra,Charges laid,3130
2015,March,Yarra,No charges laid,1363
2015,March,Yarra,Unsolved,5203
2015,March,Yarra Ranges,Charges laid,1950
2015,March,Yarra Ranges,No charges laid,877
2015,March,Yarra Ranges,Unsolved,2425
2015,March,Yarriambiack,Charges laid,88
2015,March,Yarriambiack,No charges laid,46
2015,March,Yarriambiack,Unsolved,73
2014,March,Alpine,Charges laid,135
2014,March,Alpine,No charges laid,92
2014,March,Alpine,Unsolved,128
2014,March,Ararat,Charges laid,412
2014,March,Ararat,No charges laid,154
2014,March,Ararat,Unsolved,286
2014,March,Ballarat,Charges laid,2697
2014,March,Ballarat,No charges laid,1279
2014,March,Ballarat,Unsolved,4201
2014,March,Banyule,Charges laid,2540
2014,March,Banyule,No charges laid,712
2014,March,Banyule,Unsolved,3587
2014,March,Bass Coast,Charges laid,819
2014,March,Bass Coast,No charges laid,449
2014,March,Bass Coast,Unsolved,811
2014,March,Baw Baw,Charges laid,916
2014,March,Baw Baw,No charges laid,449
2014,March,Baw Baw,Unsolved,886
2014,March,Bayside,Charges laid,817
2014,March,Bayside,No charges laid,552
2014,March,Bayside,Unsolved,2051
2014,March,Benalla,Charges laid,353
2014,March,Benalla,No charges laid,180
2014,March,Benalla,Unsolved,326
2014,March,Boroondara,Charges laid,1376
2014,March,Boroondara,No charges laid,690
2014,March,Boroondara,Unsolved,3901
2014,March,Brimbank,Charges laid,5478
2014,March,Brimbank,No charges laid,1592
2014,March,Brimbank,Unsolved,8020
2014,March,Buloke,Charges laid,67
2014,March,Buloke,No charges laid,36
2014,March,Buloke,Unsolved,83
2014,March,Campaspe,Charges laid,702
2014,March,Campaspe,No charges laid,416
2014,March,Campaspe,Unsolved,1032
2014,March,Cardinia,Charges laid,1458
2014,March,Cardinia,No charges laid,722
2014,March,Cardinia,Unsolved,2111
2014,March,Casey,Charges laid,4047
2014,March,Casey,No charges laid,2255
2014,March,Casey,Unsolved,6009
2014,March,Central Goldfields,Charges laid,348
2014,March,Central Goldfields,No charges laid,188
2014,March,Central Goldfields,Unsolved,266
2014,March,Colac-Otway,Charges laid,450
2014,March,Colac-Otway,No charges laid,273
2014,March,Colac-Otway,Unsolved,407
2014,March,Corangamite,Charges laid,176
2014,March,Corangamite,No charges laid,107
2014,March,Corangamite,Unsolved,222
2014,March,Darebin,Charges laid,3038
2014,March,Darebin,No charges laid,1219
2014,March,Darebin,Unsolved,6459
2014,March,East Gippsland,Charges laid,1194
2014,March,East Gippsland,No charges laid,737
2014,March,East Gippsland,Unsolved,1116
2014,March,Frankston,Charges laid,4664
2014,March,Frankston,No charges laid,2427
2014,March,Frankston,Unsolved,4161
2014,March,Gannawarra,Charges laid,203
2014,March,Gannawarra,No charges laid,97
2014,March,Gannawarra,Unsolved,144
2014,March,Glen Eira,Charges laid,1121
2014,March,Glen Eira,No charges laid,723
2014,March,Glen Eira,Unsolved,2805
2014,March,Glenelg,Charges laid,533
2014,March,Glenelg,No charges laid,201
2014,March,Glenelg,Unsolved,528
2014,March,Golden Plains,Charges laid,109
2014,March,Golden Plains,No charges laid,40
2014,March,Golden Plains,Unsolved,244
2014,March,Greater Bendigo,Charges laid,2615
2014,March,Greater Bendigo,No charges laid,1186
2014,March,Greater Bendigo,Unsolved,2342
2014,March,Greater Dandenong,Charges laid,4792
2014,March,Greater Dandenong,No charges laid,2601
2014,March,Greater Dandenong,Unsolved,5212
2014,March,Greater Geelong,Charges laid,4302
2014,March,Greater Geelong,No charges laid,2141
2014,March,Greater Geelong,Unsolved,7686
2014,March,Greater Shepparton,Charges laid,2013
2014,March,Greater Shepparton,No charges laid,1013
2014,March,Greater Shepparton,Unsolved,2321
2014,March,Hepburn,Charges laid,157
2014,March,Hepburn,No charges laid,64
2014,March,Hepburn,Unsolved,311
2014,March,Hindmarsh,Charges laid,77
2014,March,Hindmarsh,No charges laid,42
2014,March,Hindmarsh,Unsolved,56
2014,March,Hobsons Bay,Charges laid,1701
2014,March,Hobsons Bay,No charges laid,787
2014,March,Hobsons Bay,Unsolved,2956
2014,March,Horsham,Charges laid,697
2014,March,Horsham,No charges laid,300
2014,March,Horsham,Unsolved,446
2014,March,Hume,Charges laid,4607
2014,March,Hume,No charges laid,1537
2014,March,Hume,Unsolved,6511
2014,March,Indigo,Charges laid,145
2014,March,Indigo,No charges laid,69
2014,March,Indigo,Unsolved,151
2014,March,Kingston,Charges laid,2609
2014,March,Kingston,No charges laid,1359
2014,March,Kingston,Unsolved,3552
2014,March,Knox,Charges laid,2415
2014,March,Knox,No charges laid,1186
2014,March,Knox,Unsolved,3714
2014,March,Latrobe,Charges laid,3759
2014,March,Latrobe,No charges laid,1482
2014,March,Latrobe,Unsolved,2488
2014,March,Loddon,Charges laid,119
2014,March,Loddon,No charges laid,47
2014,March,Loddon,Unsolved,93
2014,March,Macedon Ranges,Charges laid,575
2014,March,Macedon Ranges,No charges laid,240
2014,March,Macedon Ranges,Unsolved,650
2014,March,Manningham,Charges laid,1002
2014,March,Manningham,No charges laid,480
2014,March,Manningham,Unsolved,1727
2014,March,Mansfield,Charges laid,110
2014,March,Mansfield,No charges laid,92
2014,March,Mansfield,Unsolved,136
2014,March,Maribyrnong,Charges laid,2219
2014,March,Maribyrnong,No charges laid,1135
2014,March,Maribyrnong,Unsolved,3589
2014,March,Maroondah,Charges laid,2236
2014,March,Maroondah,No charges laid,854
2014,March,Maroondah,Unsolved,2757
2014,March,Melbourne,Charges laid,8357
2014,March,Melbourne,No charges laid,6967
2014,March,Melbourne,Unsolved,9509
2014,March,Melton,Charges laid,2304
2014,March,Melton,No charges laid,667
2014,March,Melton,Unsolved,4224
2014,March,Mildura,Charges laid,1744
2014,March,Mildura,No charges laid,1014
2014,March,Mildura,Unsolved,1953
2014,March,Mitchell,Charges laid,805
2014,March,Mitchell,No charges laid,384
2014,March,Mitchell,Unsolved,824
2014,March,Moira,Charges laid,455
2014,March,Moira,No charges laid,248
2014,March,Moira,Unsolved,461
2014,March,Monash,Charges laid,1948
2014,March,Monash,No charges laid,857
2014,March,Monash,Unsolved,4273
2014,March,Moonee Valley,Charges laid,1891
2014,March,Moonee Valley,No charges laid,931
2014,March,Moonee Valley,Unsolved,3549
2014,March,Moorabool,Charges laid,442
2014,March,Moorabool,No charges laid,227
2014,March,Moorabool,Unsolved,802
2014,March,Moreland,Charges laid,2690
2014,March,Moreland,No charges laid,1146
2014,March,Moreland,Unsolved,5976
2014,March,Mornington Peninsula,Charges laid,2509
2014,March,Mornington Peninsula,No charges laid,1556
2014,March,Mornington Peninsula,Unsolved,3767
2014,March,Mount Alexander,Charges laid,261
2014,March,Mount Alexander,No charges laid,113
2014,March,Mount Alexander,Unsolved,234
2014,March,Moyne,Charges laid,182
2014,March,Moyne,No charges laid,68
2014,March,Moyne,Unsolved,210
2014,March,Murrindindi,Charges laid,221
2014,March,Murrindindi,No charges laid,119
2014,March,Murrindindi,Unsolved,225
2014,March,Nillumbik,Charges laid,469
2014,March,Nillumbik,No charges laid,207
2014,March,Nillumbik,Unsolved,921
2014,March,Northern Grampians,Charges laid,321
2014,March,Northern Grampians,No charges laid,164
2014,March,Northern Grampians,Unsolved,194
2014,March,Port Phillip,Charges laid,2416
2014,March,Port Phillip,No charges laid,1730
2014,March,Port Phillip,Unsolved,4643
2014,March,Pyrenees,Charges laid,87
2014,March,Pyrenees,No charges laid,37
2014,March,Pyrenees,Unsolved,223
2014,March,Queenscliffe,Charges laid,7
2014,March,Queenscliffe,No charges laid,15
2014,March,Queenscliffe,Unsolved,66
2014,March,South Gippsland,Charges laid,355
2014,March,South Gippsland,No charges laid,164
2014,March,South Gippsland,Unsolved,375
2014,March,Southern Grampians,Charges laid,377
2014,March,Southern Grampians,No charges laid,237
2014,March,Southern Grampians,Unsolved,273
2014,March,Stonnington,Charges laid,2240
2014,March,Stonnington,No charges laid,1391
2014,March,Stonnington,Unsolved,3796
2014,March,Strathbogie,Charges laid,139
2014,March,Strathbogie,No charges laid,89
2014,March,Strathbogie,Unsolved,141
2014,March,Surf Coast,Charges laid,271
2014,March,Surf Coast,No charges laid,197
2014,March,Surf Coast,Unsolved,557
2014,March,Swan Hill,Charges laid,771
2014,March,Swan Hill,No charges laid,385
2014,March,Swan Hill,Unsolved,363
2014,March,Towong,Charges laid,81
2014,March,Towong,No charges laid,50
2014,March,Towong,Unsolved,84
2014,March,Wangaratta,Charges laid,726
2014,March,Wangaratta,No charges laid,540
2014,March,Wangaratta,Unsolved,464
2014,March,Warrnambool,Charges laid,851
2014,March,Warrnambool,No charges laid,421
2014,March,Warrnambool,Unsolved,638
2014,March,Wellington,Charges laid,1041
2014,March,Wellington,No charges laid,544
2014,March,Wellington,Unsolved,1308
2014,March,West Wimmera,Charges laid,68
2014,March,West Wimmera,No charges laid,33
2014,March,West Wimmera,Unsolved,35
2014,March,Whitehorse,Charges laid,1624
2014,March,Whitehorse,No charges laid,671
2014,March,Whitehorse,Unsolved,3508
2014,March,Whittlesea,Charges laid,2819
2014,March,Whittlesea,No charges laid,1276
2014,March,Whittlesea,Unsolved,6090
2014,March,Wodonga,Charges laid,997
2014,March,Wodonga,No charges laid,302
2014,March,Wodonga,Unsolved,1049
2014,March,Wyndham,Charges laid,3509
2014,March,Wyndham,No charges laid,1029
2014,March,Wyndham,Unsolved,5718
2014,March,Yarra,Charges laid,2787
2014,March,Yarra,No charges laid,1606
2014,March,Yarra,Unsolved,5398
2014,March,Yarra Ranges,Charges laid,1860
2014,March,Yarra Ranges,No charges laid,927
2014,March,Yarra Ranges,Unsolved,2507
2014,March,Yarriambiack,Charges laid,82
2014,March,Yarriambiack,No charges laid,55
2014,March,Yarriambiack,Unsolved,77
2013,March,Alpine,Charges laid,122
2013,March,Alpine,No charges laid,58
2013,March,Alpine,Unsolved,113
2013,March,Ararat,Charges laid,420
2013,March,Ararat,No charges laid,187
2013,March,Ararat,Unsolved,264
2013,March,Ballarat,Charges laid,2236
2013,March,Ballarat,No charges laid,1282
2013,March,Ballarat,Unsolved,4265
2013,March,Banyule,Charges laid,2205
2013,March,Banyule,No charges laid,599
2013,March,Banyule,Unsolved,2889
2013,March,Bass Coast,Charges laid,615
2013,March,Bass Coast,No charges laid,383
2013,March,Bass Coast,Unsolved,783
2013,March,Baw Baw,Charges laid,955
2013,March,Baw Baw,No charges laid,336
2013,March,Baw Baw,Unsolved,828
2013,March,Bayside,Charges laid,733
2013,March,Bayside,No charges laid,422
2013,March,Bayside,Unsolved,2258
2013,March,Benalla,Charges laid,300
2013,March,Benalla,No charges laid,159
2013,March,Benalla,Unsolved,309
2013,March,Boroondara,Charges laid,1114
2013,March,Boroondara,No charges laid,684
2013,March,Boroondara,Unsolved,4007
2013,March,Brimbank,Charges laid,4656
2013,March,Brimbank,No charges laid,1600
2013,March,Brimbank,Unsolved,9221
2013,March,Buloke,Charges laid,100
2013,March,Buloke,No charges laid,36
2013,March,Buloke,Unsolved,79
2013,March,Campaspe,Charges laid,678
2013,March,Campaspe,No charges laid,364
2013,March,Campaspe,Unsolved,1145
2013,March,Cardinia,Charges laid,1284
2013,March,Cardinia,No charges laid,597
2013,March,Cardinia,Unsolved,2005
2013,March,Casey,Charges laid,3665
2013,March,Casey,No charges laid,2163
2013,March,Casey,Unsolved,5919
2013,March,Central Goldfields,Charges laid,284
2013,March,Central Goldfields,No charges laid,201
2013,March,Central Goldfields,Unsolved,323
2013,March,Colac-Otway,Charges laid,353
2013,March,Colac-Otway,No charges laid,248
2013,March,Colac-Otway,Unsolved,487
2013,March,Corangamite,Charges laid,143
2013,March,Corangamite,No charges laid,80
2013,March,Corangamite,Unsolved,268
2013,March,Darebin,Charges laid,2618
2013,March,Darebin,No charges laid,1148
2013,March,Darebin,Unsolved,5439
2013,March,East Gippsland,Charges laid,914
2013,March,East Gippsland,No charges laid,633
2013,March,East Gippsland,Unsolved,1304
2013,March,Frankston,Charges laid,4033
2013,March,Frankston,No charges laid,2218
2013,March,Frankston,Unsolved,4182
2013,March,Gannawarra,Charges laid,176
2013,March,Gannawarra,No charges laid,81
2013,March,Gannawarra,Unsolved,144
2013,March,Glen Eira,Charges laid,980
2013,March,Glen Eira,No charges laid,638
2013,March,Glen Eira,Unsolved,2981
2013,March,Glenelg,Charges laid,355
2013,March,Glenelg,No charges laid,161
2013,March,Glenelg,Unsolved,519
2013,March,Golden Plains,Charges laid,92
2013,March,Golden Plains,No charges laid,34
2013,March,Golden Plains,Unsolved,269
2013,March,Greater Bendigo,Charges laid,2209
2013,March,Greater Bendigo,No charges laid,1103
2013,March,Greater Bendigo,Unsolved,2423
2013,March,Greater Dandenong,Charges laid,4403
2013,March,Greater Dandenong,No charges laid,2260
2013,March,Greater Dandenong,Unsolved,5152
2013,March,Greater Geelong,Charges laid,3616
2013,March,Greater Geelong,No charges laid,1939
2013,March,Greater Geelong,Unsolved,7541
2013,March,Greater Shepparton,Charges laid,1712
2013,March,Greater Shepparton,No charges laid,915
2013,March,Greater Shepparton,Unsolved,2030
2013,March,Hepburn,Charges laid,168
2013,March,Hepburn,No charges laid,62
2013,March,Hepburn,Unsolved,285
2013,March,Hindmarsh,Charges laid,81
2013,March,Hindmarsh,No charges laid,49
2013,March,Hindmarsh,Unsolved,68
2013,March,Hobsons Bay,Charges laid,1579
2013,March,Hobsons Bay,No charges laid,768
2013,March,Hobsons Bay,Unsolved,3509
2013,March,Horsham,Charges laid,639
2013,March,Horsham,No charges laid,254
2013,March,Horsham,Unsolved,422
2013,March,Hume,Charges laid,3839
2013,March,Hume,No charges laid,1519
2013,March,Hume,Unsolved,6473
2013,March,Indigo,Charges laid,98
2013,March,Indigo,No charges laid,73
2013,March,Indigo,Unsolved,168
2013,March,Kingston,Charges laid,2392
2013,March,Kingston,No charges laid,1199
2013,March,Kingston,Unsolved,3531
2013,March,Knox,Charges laid,2007
2013,March,Knox,No charges laid,1007
2013,March,Knox,Unsolved,3582
2013,March,Latrobe,Charges laid,3363
2013,March,Latrobe,No charges laid,1308
2013,March,Latrobe,Unsolved,2816
2013,March,Loddon,Charges laid,127
2013,March,Loddon,No charges laid,67
2013,March,Loddon,Unsolved,131
2013,March,Macedon Ranges,Charges laid,459
2013,March,Macedon Ranges,No charges laid,208
2013,March,Macedon Ranges,Unsolved,659
2013,March,Manningham,Charges laid,799
2013,March,Manningham,No charges laid,475
2013,March,Manningham,Unsolved,1594
2013,March,Mansfield,Charges laid,70
2013,March,Mansfield,No charges laid,66
2013,March,Mansfield,Unsolved,119
2013,March,Maribyrnong,Charges laid,2165
2013,March,Maribyrnong,No charges laid,1122
2013,March,Maribyrnong,Unsolved,3850
2013,March,Maroondah,Charges laid,2002
2013,March,Maroondah,No charges laid,732
2013,March,Maroondah,Unsolved,2373
2013,March,Melbourne,Charges laid,7729
2013,March,Melbourne,No charges laid,6821
2013,March,Melbourne,Unsolved,9980
2013,March,Melton,Charges laid,1853
2013,March,Melton,No charges laid,691
2013,March,Melton,Unsolved,4219
2013,March,Mildura,Charges laid,1554
2013,March,Mildura,No charges laid,904
2013,March,Mildura,Unsolved,2026
2013,March,Mitchell,Charges laid,731
2013,March,Mitchell,No charges laid,384
2013,March,Mitchell,Unsolved,812
2013,March,Moira,Charges laid,337
2013,March,Moira,No charges laid,199
2013,March,Moira,Unsolved,494
2013,March,Monash,Charges laid,1503
2013,March,Monash,No charges laid,648
2013,March,Monash,Unsolved,4331
2013,March,Moonee Valley,Charges laid,1848
2013,March,Moonee Valley,No charges laid,1105
2013,March,Moonee Valley,Unsolved,3870
2013,March,Moorabool,Charges laid,381
2013,March,Moorabool,No charges laid,199
2013,March,Moorabool,Unsolved,806
2013,March,Moreland,Charges laid,2159
2013,March,Moreland,No charges laid,1109
2013,March,Moreland,Unsolved,6239
2013,March,Mornington Peninsula,Charges laid,2211
2013,March,Mornington Peninsula,No charges laid,1373
2013,March,Mornington Peninsula,Unsolved,3580
2013,March,Mount Alexander,Charges laid,227
2013,March,Mount Alexander,No charges laid,105
2013,March,Mount Alexander,Unsolved,292
2013,March,Moyne,Charges laid,135
2013,March,Moyne,No charges laid,108
2013,March,Moyne,Unsolved,249
2013,March,Murrindindi,Charges laid,157
2013,March,Murrindindi,No charges laid,104
2013,March,Murrindindi,Unsolved,194
2013,March,Nillumbik,Charges laid,444
2013,March,Nillumbik,No charges laid,223
2013,March,Nillumbik,Unsolved,842
2013,March,Northern Grampians,Charges laid,313
2013,March,Northern Grampians,No charges laid,138
2013,March,Northern Grampians,Unsolved,212
2013,March,Port Phillip,Charges laid,2145
2013,March,Port Phillip,No charges laid,1779
2013,March,Port Phillip,Unsolved,5027
2013,March,Pyrenees,Charges laid,73
2013,March,Pyrenees,No charges laid,34
2013,March,Pyrenees,Unsolved,153
2013,March,Queenscliffe,Charges laid,18
2013,March,Queenscliffe,No charges laid,11
2013,March,Queenscliffe,Unsolved,56
2013,March,South Gippsland,Charges laid,383
2013,March,South Gippsland,No charges laid,166
2013,March,South Gippsland,Unsolved,378
2013,March,Southern Grampians,Charges laid,275
2013,March,Southern Grampians,No charges laid,211
2013,March,Southern Grampians,Unsolved,301
2013,March,Stonnington,Charges laid,1721
2013,March,Stonnington,No charges laid,1314
2013,March,Stonnington,Unsolved,4080
2013,March,Strathbogie,Charges laid,138
2013,March,Strathbogie,No charges laid,86
2013,March,Strathbogie,Unsolved,152
2013,March,Surf Coast,Charges laid,220
2013,March,Surf Coast,No charges laid,191
2013,March,Surf Coast,Unsolved,647
2013,March,Swan Hill,Charges laid,665
2013,March,Swan Hill,No charges laid,289
2013,March,Swan Hill,Unsolved,395
2013,March,Towong,Charges laid,70
2013,March,Towong,No charges laid,42
2013,March,Towong,Unsolved,70
2013,March,Wangaratta,Charges laid,709
2013,March,Wangaratta,No charges laid,477
2013,March,Wangaratta,Unsolved,490
2013,March,Warrnambool,Charges laid,705
2013,March,Warrnambool,No charges laid,427
2013,March,Warrnambool,Unsolved,691
2013,March,Wellington,Charges laid,923
2013,March,Wellington,No charges laid,441
2013,March,Wellington,Unsolved,1466
2013,March,West Wimmera,Charges laid,42
2013,March,West Wimmera,No charges laid,20
2013,March,West Wimmera,Unsolved,59
2013,March,Whitehorse,Charges laid,1329
2013,March,Whitehorse,No charges laid,657
2013,March,Whitehorse,Unsolved,3620
2013,March,Whittlesea,Charges laid,2638
2013,March,Whittlesea,No charges laid,1070
2013,March,Whittlesea,Unsolved,6007
2013,March,Wodonga,Charges laid,932
2013,March,Wodonga,No charges laid,355
2013,March,Wodonga,Unsolved,1154
2013,March,Wyndham,Charges laid,3007
2013,March,Wyndham,No charges laid,1122
2013,March,Wyndham,Unsolved,6548
2013,March,Yarra,Charges laid,2257
2013,March,Yarra,No charges laid,1428
2013,March,Yarra,Unsolved,5104
2013,March,Yarra Ranges,Charges laid,1564
2013,March,Yarra Ranges,No charges laid,792
2013,March,Yarra Ranges,Unsolved,2614
2013,March,Yarriambiack,Charges laid,127
2013,March,Yarriambiack,No charges laid,53
2013,March,Yarriambiack,Unsolved,85
