Year,Local Government Area,Investigation Status,Offence Count
2022,Alpine,Arrest/Summons,285
2022,Alpine,Not authorised,31
2022,Alpine,Other,110
2022,Alpine,Unsolved,122
2022,Ararat,Arrest/Summons,936
2022,Ararat,Not authorised,66
2022,Ararat,Other,196
2022,Ararat,Unsolved,308
2022,Ballarat,Arrest/Summons,4512
2022,Ballarat,Not authorised,275
2022,Ballarat,Other,1063
2022,Ballarat,Unsolved,4438
2022,Banyule,Arrest/Summons,3617
2022,Banyule,Not authorised,378
2022,Banyule,Other,704
2022,Banyule,Unsolved,2492
2022,Bass Coast,Arrest/Summons,1490
2022,Bass Coast,Not authorised,211
2022,Bass Coast,Other,430
2022,Bass Coast,Unsolved,882
2022,Baw Baw,Arrest/Summons,2223
2022,Baw Baw,Not authorised,238
2022,Baw Baw,Other,702
2022,Baw Baw,Unsolved,1102
2022,Bayside,Arrest/Summons,1499
2022,Bayside,Not authorised,224
2022,Bayside,Other,486
2022,Bayside,Unsolved,2196
2022,Benalla,Arrest/Summons,724
2022,Benalla,Not authorised,87
2022,Benalla,Other,204
2022,Benalla,Unsolved,376
2022,Boroondara,Arrest/Summons,2533
2022,Boroondara,Not authorised,228
2022,Boroondara,Other,690
2022,Boroondara,Unsolved,3759
2022,Brimbank,Arrest/Summons,7700
2022,Brimbank,Not authorised,556
2022,Brimbank,Other,1304
2022,Brimbank,Unsolved,7279
2022,Buloke,Arrest/Summons,121
2022,Buloke,Not authorised,9
2022,Buloke,Other,84
2022,Buloke,Unsolved,98
2022,Campaspe,Arrest/Summons,1421
2022,Campaspe,Not authorised,130
2022,Campaspe,Other,528
2022,Campaspe,Unsolved,1150
2022,Cardinia,Arrest/Summons,2634
2022,Cardinia,Not authorised,313
2022,Cardinia,Other,944
2022,Cardinia,Unsolved,2420
2022,Casey,Arrest/Summons,8483
2022,Casey,Not authorised,1131
2022,Casey,Other,2353
2022,Casey,Unsolved,7654
2022,Central Goldfields,Arrest/Summons,533
2022,Central Goldfields,Not authorised,67
2022,Central Goldfields,Other,228
2022,Central Goldfields,Unsolved,304
2022,Colac-Otway,Arrest/Summons,793
2022,Colac-Otway,Not authorised,115
2022,Colac-Otway,Other,289
2022,Colac-Otway,Unsolved,418
2022,Corangamite,Arrest/Summons,460
2022,Corangamite,Not authorised,25
2022,Corangamite,Other,83
2022,Corangamite,Unsolved,272
2022,Darebin,Arrest/Summons,5521
2022,Darebin,Not authorised,415
2022,Darebin,Other,1409
2022,Darebin,Unsolved,5079
2022,East Gippsland,Arrest/Summons,2337
2022,East Gippsland,Not authorised,358
2022,East Gippsland,Other,922
2022,East Gippsland,Unsolved,1338
2022,Frankston,Arrest/Summons,6212
2022,Frankston,Not authorised,733
2022,Frankston,Other,1453
2022,Frankston,Unsolved,3320
2022,Gannawarra,Arrest/Summons,394
2022,Gannawarra,Not authorised,25
2022,Gannawarra,Other,122
2022,Gannawarra,Unsolved,255
2022,Glen Eira,Arrest/Summons,2250
2022,Glen Eira,Not authorised,288
2022,Glen Eira,Other,793
2022,Glen Eira,Unsolved,3220
2022,Glenelg,Arrest/Summons,962
2022,Glenelg,Not authorised,94
2022,Glenelg,Other,301
2022,Glenelg,Unsolved,363
2022,Golden Plains,Arrest/Summons,274
2022,Golden Plains,Not authorised,20
2022,Golden Plains,Other,51
2022,Golden Plains,Unsolved,248
2022,Greater Bendigo,Arrest/Summons,5092
2022,Greater Bendigo,Not authorised,361
2022,Greater Bendigo,Other,1400
2022,Greater Bendigo,Unsolved,3383
2022,Greater Dandenong,Arrest/Summons,7289
2022,Greater Dandenong,Not authorised,565
2022,Greater Dandenong,Other,1816
2022,Greater Dandenong,Unsolved,5851
2022,Greater Geelong,Arrest/Summons,9866
2022,Greater Geelong,Not authorised,747
2022,Greater Geelong,Other,2057
2022,Greater Geelong,Unsolved,7285
2022,Greater Shepparton,Arrest/Summons,5001
2022,Greater Shepparton,Not authorised,340
2022,Greater Shepparton,Other,854
2022,Greater Shepparton,Unsolved,2539
2022,Hepburn,Arrest/Summons,196
2022,Hepburn,Not authorised,33
2022,Hepburn,Other,47
2022,Hepburn,Unsolved,269
2022,Hindmarsh,Arrest/Summons,222
2022,Hindmarsh,Not authorised,15
2022,Hindmarsh,Other,56
2022,Hindmarsh,Unsolved,149
2022,Hobsons Bay,Arrest/Summons,2420
2022,Hobsons Bay,Not authorised,251
2022,Hobsons Bay,Other,696
2022,Hobsons Bay,Unsolved,2517
2022,Horsham,Arrest/Summons,1389
2022,Horsham,Not authorised,107
2022,Horsham,Other,325
2022,Horsham,Unsolved,513
2022,Hume,Arrest/Summons,8698
2022,Hume,Not authorised,769
2022,Hume,Other,2265
2022,Hume,Unsolved,6138
2022,Indigo,Arrest/Summons,290
2022,Indigo,Not authorised,13
2022,Indigo,Other,117
2022,Indigo,Unsolved,255
2022,Kingston,Arrest/Summons,4083
2022,Kingston,Not authorised,440
2022,Kingston,Other,1104
2022,Kingston,Unsolved,3833
2022,Knox,Arrest/Summons,4603
2022,Knox,Not authorised,554
2022,Knox,Other,1378
2022,Knox,Unsolved,2984
2022,Latrobe,Arrest/Summons,5983
2022,Latrobe,Not authorised,656
2022,Latrobe,Other,1727
2022,Latrobe,Unsolved,2645
2022,Loddon,Arrest/Summons,243
2022,Loddon,Not authorised,6
2022,Loddon,Other,69
2022,Loddon,Unsolved,194
2022,Macedon Ranges,Arrest/Summons,869
2022,Macedon Ranges,Not authorised,65
2022,Macedon Ranges,Other,409
2022,Macedon Ranges,Unsolved,554
2022,Manningham,Arrest/Summons,1396
2022,Manningham,Not authorised,157
2022,Manningham,Other,601
2022,Manningham,Unsolved,1673
2022,Mansfield,Arrest/Summons,210
2022,Mansfield,Not authorised,28
2022,Mansfield,Other,81
2022,Mansfield,Unsolved,129
2022,Maribyrnong,Arrest/Summons,2994
2022,Maribyrnong,Not authorised,132
2022,Maribyrnong,Other,865
2022,Maribyrnong,Unsolved,4712
2022,Maroondah,Arrest/Summons,3740
2022,Maroondah,Not authorised,324
2022,Maroondah,Other,959
2022,Maroondah,Unsolved,2262
2022,Melbourne,Arrest/Summons,15488
2022,Melbourne,Not authorised,568
2022,Melbourne,Other,5777
2022,Melbourne,Unsolved,12646
2022,Melton,Arrest/Summons,5553
2022,Melton,Not authorised,420
2022,Melton,Other,1083
2022,Melton,Unsolved,5047
2022,Mildura,Arrest/Summons,3473
2022,Mildura,Not authorised,302
2022,Mildura,Other,1139
2022,Mildura,Unsolved,1989
2022,Mitchell,Arrest/Summons,1793
2022,Mitchell,Not authorised,204
2022,Mitchell,Other,599
2022,Mitchell,Unsolved,894
2022,Moira,Arrest/Summons,1199
2022,Moira,Not authorised,68
2022,Moira,Other,245
2022,Moira,Unsolved,635
2022,Monash,Arrest/Summons,4494
2022,Monash,Not authorised,411
2022,Monash,Other,1172
2022,Monash,Unsolved,5084
2022,Moonee Valley,Arrest/Summons,3159
2022,Moonee Valley,Not authorised,307
2022,Moonee Valley,Other,973
2022,Moonee Valley,Unsolved,3421
2022,Moorabool,Arrest/Summons,908
2022,Moorabool,Not authorised,86
2022,Moorabool,Other,342
2022,Moorabool,Unsolved,702
2022,Moreland,Arrest/Summons,3997
2022,Moreland,Not authorised,363
2022,Moreland,Other,1148
2022,Moreland,Unsolved,6018
2022,Mornington Peninsula,Arrest/Summons,4012
2022,Mornington Peninsula,Not authorised,495
2022,Mornington Peninsula,Other,1580
2022,Mornington Peninsula,Unsolved,2763
2022,Mount Alexander,Arrest/Summons,467
2022,Mount Alexander,Not authorised,40
2022,Mount Alexander,Other,132
2022,Mount Alexander,Unsolved,313
2022,Moyne,Arrest/Summons,401
2022,Moyne,Not authorised,27
2022,Moyne,Other,90
2022,Moyne,Unsolved,252
2022,Murrindindi,Arrest/Summons,381
2022,Murrindindi,Not authorised,43
2022,Murrindindi,Other,139
2022,Murrindindi,Unsolved,252
2022,Nillumbik,Arrest/Summons,858
2022,Nillumbik,Not authorised,165
2022,Nillumbik,Other,235
2022,Nillumbik,Unsolved,898
2022,Northern Grampians,Arrest/Summons,527
2022,Northern Grampians,Not authorised,50
2022,Northern Grampians,Other,232
2022,Northern Grampians,Unsolved,242
2022,Port Phillip,Arrest/Summons,4680
2022,Port Phillip,Not authorised,296
2022,Port Phillip,Other,1402
2022,Port Phillip,Unsolved,5645
2022,Pyrenees,Arrest/Summons,206
2022,Pyrenees,Not authorised,19
2022,Pyrenees,Other,41
2022,Pyrenees,Unsolved,168
2022,Queenscliffe,Arrest/Summons,39
2022,Queenscliffe,Not authorised,1
2022,Queenscliffe,Other,18
2022,Queenscliffe,Unsolved,79
2022,South Gippsland,Arrest/Summons,901
2022,South Gippsland,Not authorised,97
2022,South Gippsland,Other,220
2022,South Gippsland,Unsolved,433
2022,Southern Grampians,Arrest/Summons,699
2022,Southern Grampians,Not authorised,28
2022,Southern Grampians,Other,176
2022,Southern Grampians,Unsolved,251
2022,Stonnington,Arrest/Summons,3733
2022,Stonnington,Not authorised,255
2022,Stonnington,Other,1384
2022,Stonnington,Unsolved,4975
2022,Strathbogie,Arrest/Summons,407
2022,Strathbogie,Not authorised,32
2022,Strathbogie,Other,74
2022,Strathbogie,Unsolved,197
2022,Surf Coast,Arrest/Summons,561
2022,Surf Coast,Not authorised,93
2022,Surf Coast,Other,166
2022,Surf Coast,Unsolved,532
2022,Swan Hill,Arrest/Summons,1409
2022,Swan Hill,Not authorised,133
2022,Swan Hill,Other,472
2022,Swan Hill,Unsolved,424
2022,Towong,Arrest/Summons,54
2022,Towong,Not authorised,8
2022,Towong,Other,34
2022,Towong,Unsolved,87
2022,Wangaratta,Arrest/Summons,1378
2022,Wangaratta,Not authorised,115
2022,Wangaratta,Other,359
2022,Wangaratta,Unsolved,517
2022,Warrnambool,Arrest/Summons,1795
2022,Warrnambool,Not authorised,99
2022,Warrnambool,Other,421
2022,Warrnambool,Unsolved,808
2022,Wellington,Arrest/Summons,2196
2022,Wellington,Not authorised,336
2022,Wellington,Other,603
2022,Wellington,Unsolved,1147
2022,West Wimmera,Arrest/Summons,84
2022,West Wimmera,Not authorised,2
2022,West Wimmera,Other,45
2022,West Wimmera,Unsolved,64
2022,Whitehorse,Arrest/Summons,2810
2022,Whitehorse,Not authorised,263
2022,Whitehorse,Other,863
2022,Whitehorse,Unsolved,3312
2022,Whittlesea,Arrest/Summons,5685
2022,Whittlesea,Not authorised,1161
2022,Whittlesea,Other,1466
2022,Whittlesea,Unsolved,4198
2022,Wodonga,Arrest/Summons,1695
2022,Wodonga,Not authorised,52
2022,Wodonga,Other,562
2022,Wodonga,Unsolved,1327
2022,Wyndham,Arrest/Summons,6774
2022,Wyndham,Not authorised,478
2022,Wyndham,Other,1860
2022,Wyndham,Unsolved,6828
2022,Yarra,Arrest/Summons,4240
2022,Yarra,Not authorised,332
2022,Yarra,Other,1218
2022,Yarra,Unsolved,5588
2022,Yarra Ranges,Arrest/Summons,3253
2022,Yarra Ranges,Not authorised,388
2022,Yarra Ranges,Other,1208
2022,Yarra Ranges,Unsolved,2321
2022,Yarriambiack,Arrest/Summons,204
2022,Yarriambiack,Not authorised,19
2022,Yarriambiack,Other,86
2022,Yarriambiack,Unsolved,109
2021,Alpine,Arrest/Summons,306
2021,Alpine,Not authorised,45
2021,Alpine,Other,88
2021,Alpine,Unsolved,109
2021,Ararat,Arrest/Summons,1012
2021,Ararat,Not authorised,107
2021,Ararat,Other,218
2021,Ararat,Unsolved,268
2021,Ballarat,Arrest/Summons,4865
2021,Ballarat,Not authorised,494
2021,Ballarat,Other,975
2021,Ballarat,Unsolved,3308
2021,Banyule,Arrest/Summons,4782
2021,Banyule,Not authorised,621
2021,Banyule,Other,854
2021,Banyule,Unsolved,2505
2021,Bass Coast,Arrest/Summons,1694
2021,Bass Coast,Not authorised,380
2021,Bass Coast,Other,318
2021,Bass Coast,Unsolved,674
2021,Baw Baw,Arrest/Summons,2770
2021,Baw Baw,Not authorised,363
2021,Baw Baw,Other,658
2021,Baw Baw,Unsolved,1207
2021,Bayside,Arrest/Summons,2200
2021,Bayside,Not authorised,314
2021,Bayside,Other,610
2021,Bayside,Unsolved,2088
2021,Benalla,Arrest/Summons,795
2021,Benalla,Not authorised,151
2021,Benalla,Other,148
2021,Benalla,Unsolved,329
2021,Boroondara,Arrest/Summons,2938
2021,Boroondara,Not authorised,388
2021,Boroondara,Other,766
2021,Boroondara,Unsolved,3682
2021,Brimbank,Arrest/Summons,9340
2021,Brimbank,Not authorised,850
2021,Brimbank,Other,2481
2021,Brimbank,Unsolved,6411
2021,Buloke,Arrest/Summons,289
2021,Buloke,Not authorised,13
2021,Buloke,Other,74
2021,Buloke,Unsolved,71
2021,Campaspe,Arrest/Summons,1722
2021,Campaspe,Not authorised,211
2021,Campaspe,Other,423
2021,Campaspe,Unsolved,959
2021,Cardinia,Arrest/Summons,3407
2021,Cardinia,Not authorised,588
2021,Cardinia,Other,1204
2021,Cardinia,Unsolved,2147
2021,Casey,Arrest/Summons,10109
2021,Casey,Not authorised,2137
2021,Casey,Other,3014
2021,Casey,Unsolved,6646
2021,Central Goldfields,Arrest/Summons,663
2021,Central Goldfields,Not authorised,98
2021,Central Goldfields,Other,173
2021,Central Goldfields,Unsolved,237
2021,Colac-Otway,Arrest/Summons,926
2021,Colac-Otway,Not authorised,117
2021,Colac-Otway,Other,297
2021,Colac-Otway,Unsolved,313
2021,Corangamite,Arrest/Summons,487
2021,Corangamite,Not authorised,42
2021,Corangamite,Other,150
2021,Corangamite,Unsolved,236
2021,Darebin,Arrest/Summons,7128
2021,Darebin,Not authorised,838
2021,Darebin,Other,1702
2021,Darebin,Unsolved,5335
2021,East Gippsland,Arrest/Summons,2857
2021,East Gippsland,Not authorised,597
2021,East Gippsland,Other,625
2021,East Gippsland,Unsolved,1020
2021,Frankston,Arrest/Summons,7755
2021,Frankston,Not authorised,1062
2021,Frankston,Other,2234
2021,Frankston,Unsolved,3106
2021,Gannawarra,Arrest/Summons,567
2021,Gannawarra,Not authorised,56
2021,Gannawarra,Other,148
2021,Gannawarra,Unsolved,154
2021,Glen Eira,Arrest/Summons,2803
2021,Glen Eira,Not authorised,509
2021,Glen Eira,Other,1007
2021,Glen Eira,Unsolved,3419
2021,Glenelg,Arrest/Summons,1157
2021,Glenelg,Not authorised,115
2021,Glenelg,Other,167
2021,Glenelg,Unsolved,249
2021,Golden Plains,Arrest/Summons,219
2021,Golden Plains,Not authorised,56
2021,Golden Plains,Other,42
2021,Golden Plains,Unsolved,263
2021,Greater Bendigo,Arrest/Summons,6111
2021,Greater Bendigo,Not authorised,633
2021,Greater Bendigo,Other,1209
2021,Greater Bendigo,Unsolved,3031
2021,Greater Dandenong,Arrest/Summons,9207
2021,Greater Dandenong,Not authorised,1247
2021,Greater Dandenong,Other,3067
2021,Greater Dandenong,Unsolved,5564
2021,Greater Geelong,Arrest/Summons,12322
2021,Greater Geelong,Not authorised,1080
2021,Greater Geelong,Other,2071
2021,Greater Geelong,Unsolved,6375
2021,Greater Shepparton,Arrest/Summons,5897
2021,Greater Shepparton,Not authorised,595
2021,Greater Shepparton,Other,797
2021,Greater Shepparton,Unsolved,2077
2021,Hepburn,Arrest/Summons,262
2021,Hepburn,Not authorised,35
2021,Hepburn,Other,78
2021,Hepburn,Unsolved,284
2021,Hindmarsh,Arrest/Summons,380
2021,Hindmarsh,Not authorised,22
2021,Hindmarsh,Other,48
2021,Hindmarsh,Unsolved,110
2021,Hobsons Bay,Arrest/Summons,2674
2021,Hobsons Bay,Not authorised,339
2021,Hobsons Bay,Other,861
2021,Hobsons Bay,Unsolved,1972
2021,Horsham,Arrest/Summons,1808
2021,Horsham,Not authorised,152
2021,Horsham,Other,288
2021,Horsham,Unsolved,343
2021,Hume,Arrest/Summons,10423
2021,Hume,Not authorised,1627
2021,Hume,Other,3398
2021,Hume,Unsolved,5583
2021,Indigo,Arrest/Summons,273
2021,Indigo,Not authorised,30
2021,Indigo,Other,96
2021,Indigo,Unsolved,172
2021,Kingston,Arrest/Summons,5284
2021,Kingston,Not authorised,862
2021,Kingston,Other,1427
2021,Kingston,Unsolved,3683
2021,Knox,Arrest/Summons,5604
2021,Knox,Not authorised,792
2021,Knox,Other,1372
2021,Knox,Unsolved,3632
2021,Latrobe,Arrest/Summons,8008
2021,Latrobe,Not authorised,1051
2021,Latrobe,Other,1320
2021,Latrobe,Unsolved,2685
2021,Loddon,Arrest/Summons,280
2021,Loddon,Not authorised,33
2021,Loddon,Other,69
2021,Loddon,Unsolved,169
2021,Macedon Ranges,Arrest/Summons,1497
2021,Macedon Ranges,Not authorised,114
2021,Macedon Ranges,Other,469
2021,Macedon Ranges,Unsolved,591
2021,Manningham,Arrest/Summons,2114
2021,Manningham,Not authorised,342
2021,Manningham,Other,513
2021,Manningham,Unsolved,1775
2021,Mansfield,Arrest/Summons,295
2021,Mansfield,Not authorised,31
2021,Mansfield,Other,97
2021,Mansfield,Unsolved,122
2021,Maribyrnong,Arrest/Summons,3649
2021,Maribyrnong,Not authorised,309
2021,Maribyrnong,Other,1101
2021,Maribyrnong,Unsolved,3793
2021,Maroondah,Arrest/Summons,4361
2021,Maroondah,Not authorised,585
2021,Maroondah,Other,912
2021,Maroondah,Unsolved,2154
2021,Melbourne,Arrest/Summons,17451
2021,Melbourne,Not authorised,1204
2021,Melbourne,Other,7185
2021,Melbourne,Unsolved,9872
2021,Melton,Arrest/Summons,7398
2021,Melton,Not authorised,791
2021,Melton,Other,1377
2021,Melton,Unsolved,4427
2021,Mildura,Arrest/Summons,3645
2021,Mildura,Not authorised,408
2021,Mildura,Other,874
2021,Mildura,Unsolved,1288
2021,Mitchell,Arrest/Summons,3479
2021,Mitchell,Not authorised,460
2021,Mitchell,Other,554
2021,Mitchell,Unsolved,879
2021,Moira,Arrest/Summons,1364
2021,Moira,Not authorised,112
2021,Moira,Other,280
2021,Moira,Unsolved,571
2021,Monash,Arrest/Summons,5567
2021,Monash,Not authorised,773
2021,Monash,Other,1618
2021,Monash,Unsolved,4800
2021,Moonee Valley,Arrest/Summons,3214
2021,Moonee Valley,Not authorised,601
2021,Moonee Valley,Other,1174
2021,Moonee Valley,Unsolved,2884
2021,Moorabool,Arrest/Summons,1239
2021,Moorabool,Not authorised,144
2021,Moorabool,Other,455
2021,Moorabool,Unsolved,796
2021,Moreland,Arrest/Summons,5274
2021,Moreland,Not authorised,909
2021,Moreland,Other,1468
2021,Moreland,Unsolved,5293
2021,Mornington Peninsula,Arrest/Summons,5409
2021,Mornington Peninsula,Not authorised,844
2021,Mornington Peninsula,Other,1849
2021,Mornington Peninsula,Unsolved,2672
2021,Mount Alexander,Arrest/Summons,461
2021,Mount Alexander,Not authorised,58
2021,Mount Alexander,Other,129
2021,Mount Alexander,Unsolved,247
2021,Moyne,Arrest/Summons,308
2021,Moyne,Not authorised,59
2021,Moyne,Other,102
2021,Moyne,Unsolved,176
2021,Murrindindi,Arrest/Summons,440
2021,Murrindindi,Not authorised,71
2021,Murrindindi,Other,178
2021,Murrindindi,Unsolved,236
2021,Nillumbik,Arrest/Summons,1026
2021,Nillumbik,Not authorised,240
2021,Nillumbik,Other,216
2021,Nillumbik,Unsolved,665
2021,Northern Grampians,Arrest/Summons,713
2021,Northern Grampians,Not authorised,86
2021,Northern Grampians,Other,236
2021,Northern Grampians,Unsolved,235
2021,Port Phillip,Arrest/Summons,5734
2021,Port Phillip,Not authorised,659
2021,Port Phillip,Other,1910
2021,Port Phillip,Unsolved,5105
2021,Pyrenees,Arrest/Summons,208
2021,Pyrenees,Not authorised,34
2021,Pyrenees,Other,51
2021,Pyrenees,Unsolved,160
2021,Queenscliffe,Arrest/Summons,35
2021,Queenscliffe,Not authorised,6
2021,Queenscliffe,Other,13
2021,Queenscliffe,Unsolved,50
2021,South Gippsland,Arrest/Summons,1121
2021,South Gippsland,Not authorised,199
2021,South Gippsland,Other,166
2021,South Gippsland,Unsolved,395
2021,Southern Grampians,Arrest/Summons,709
2021,Southern Grampians,Not authorised,62
2021,Southern Grampians,Other,173
2021,Southern Grampians,Unsolved,181
2021,Stonnington,Arrest/Summons,4663
2021,Stonnington,Not authorised,655
2021,Stonnington,Other,1757
2021,Stonnington,Unsolved,4560
2021,Strathbogie,Arrest/Summons,290
2021,Strathbogie,Not authorised,68
2021,Strathbogie,Other,55
2021,Strathbogie,Unsolved,172
2021,Surf Coast,Arrest/Summons,599
2021,Surf Coast,Not authorised,88
2021,Surf Coast,Other,209
2021,Surf Coast,Unsolved,556
2021,Swan Hill,Arrest/Summons,1648
2021,Swan Hill,Not authorised,192
2021,Swan Hill,Other,427
2021,Swan Hill,Unsolved,368
2021,Towong,Arrest/Summons,114
2021,Towong,Not authorised,15
2021,Towong,Other,28
2021,Towong,Unsolved,50
2021,Wangaratta,Arrest/Summons,2206
2021,Wangaratta,Not authorised,211
2021,Wangaratta,Other,360
2021,Wangaratta,Unsolved,356
2021,Warrnambool,Arrest/Summons,2113
2021,Warrnambool,Not authorised,181
2021,Warrnambool,Other,346
2021,Warrnambool,Unsolved,585
2021,Wellington,Arrest/Summons,3048
2021,Wellington,Not authorised,582
2021,Wellington,Other,439
2021,Wellington,Unsolved,854
2021,West Wimmera,Arrest/Summons,79
2021,West Wimmera,Not authorised,2
2021,West Wimmera,Other,34
2021,West Wimmera,Unsolved,52
2021,Whitehorse,Arrest/Summons,3806
2021,Whitehorse,Not authorised,532
2021,Whitehorse,Other,1130
2021,Whitehorse,Unsolved,3634
2021,Whittlesea,Arrest/Summons,8099
2021,Whittlesea,Not authorised,1691
2021,Whittlesea,Other,1898
2021,Whittlesea,Unsolved,4331
2021,Wodonga,Arrest/Summons,1822
2021,Wodonga,Not authorised,111
2021,Wodonga,Other,582
2021,Wodonga,Unsolved,846
2021,Wyndham,Arrest/Summons,9375
2021,Wyndham,Not authorised,938
2021,Wyndham,Other,2166
2021,Wyndham,Unsolved,5353
2021,Yarra,Arrest/Summons,5837
2021,Yarra,Not authorised,652
2021,Yarra,Other,1951
2021,Yarra,Unsolved,5293
2021,Yarra Ranges,Arrest/Summons,4424
2021,Yarra Ranges,Not authorised,582
2021,Yarra Ranges,Other,1402
2021,Yarra Ranges,Unsolved,2379
2021,Yarriambiack,Arrest/Summons,224
2021,Yarriambiack,Not authorised,33
2021,Yarriambiack,Other,86
2021,Yarriambiack,Unsolved,115
2020,Alpine,Arrest/Summons,339
2020,Alpine,Not authorised,43
2020,Alpine,Other,82
2020,Alpine,Unsolved,133
2020,Ararat,Arrest/Summons,770
2020,Ararat,Not authorised,93
2020,Ararat,Other,115
2020,Ararat,Unsolved,272
2020,Ballarat,Arrest/Summons,5598
2020,Ballarat,Not authorised,450
2020,Ballarat,Other,621
2020,Ballarat,Unsolved,4895
2020,Banyule,Arrest/Summons,5497
2020,Banyule,Not authorised,614
2020,Banyule,Other,479
2020,Banyule,Unsolved,3369
2020,Bass Coast,Arrest/Summons,1309
2020,Bass Coast,Not authorised,242
2020,Bass Coast,Other,203
2020,Bass Coast,Unsolved,714
2020,Baw Baw,Arrest/Summons,2586
2020,Baw Baw,Not authorised,349
2020,Baw Baw,Other,292
2020,Baw Baw,Unsolved,1607
2020,Bayside,Arrest/Summons,1753
2020,Bayside,Not authorised,339
2020,Bayside,Other,314
2020,Bayside,Unsolved,2899
2020,Benalla,Arrest/Summons,704
2020,Benalla,Not authorised,120
2020,Benalla,Other,127
2020,Benalla,Unsolved,298
2020,Boroondara,Arrest/Summons,2763
2020,Boroondara,Not authorised,395
2020,Boroondara,Other,425
2020,Boroondara,Unsolved,4740
2020,Brimbank,Arrest/Summons,10072
2020,Brimbank,Not authorised,1056
2020,Brimbank,Other,975
2020,Brimbank,Unsolved,8037
2020,Buloke,Arrest/Summons,129
2020,Buloke,Not authorised,20
2020,Buloke,Other,44
2020,Buloke,Unsolved,136
2020,Campaspe,Arrest/Summons,2414
2020,Campaspe,Not authorised,231
2020,Campaspe,Other,257
2020,Campaspe,Unsolved,1153
2020,Cardinia,Arrest/Summons,3377
2020,Cardinia,Not authorised,597
2020,Cardinia,Other,499
2020,Cardinia,Unsolved,2686
2020,Casey,Arrest/Summons,9885
2020,Casey,Not authorised,2490
2020,Casey,Other,1540
2020,Casey,Unsolved,8997
2020,Central Goldfields,Arrest/Summons,823
2020,Central Goldfields,Not authorised,120
2020,Central Goldfields,Other,126
2020,Central Goldfields,Unsolved,288
2020,Colac-Otway,Arrest/Summons,866
2020,Colac-Otway,Not authorised,127
2020,Colac-Otway,Other,162
2020,Colac-Otway,Unsolved,504
2020,Corangamite,Arrest/Summons,378
2020,Corangamite,Not authorised,40
2020,Corangamite,Other,61
2020,Corangamite,Unsolved,214
2020,Darebin,Arrest/Summons,6407
2020,Darebin,Not authorised,740
2020,Darebin,Other,647
2020,Darebin,Unsolved,7327
2020,East Gippsland,Arrest/Summons,2655
2020,East Gippsland,Not authorised,611
2020,East Gippsland,Other,356
2020,East Gippsland,Unsolved,1242
2020,Frankston,Arrest/Summons,8262
2020,Frankston,Not authorised,970
2020,Frankston,Other,1077
2020,Frankston,Unsolved,4633
2020,Gannawarra,Arrest/Summons,481
2020,Gannawarra,Not authorised,82
2020,Gannawarra,Other,92
2020,Gannawarra,Unsolved,167
2020,Glen Eira,Arrest/Summons,2627
2020,Glen Eira,Not authorised,523
2020,Glen Eira,Other,558
2020,Glen Eira,Unsolved,4046
2020,Glenelg,Arrest/Summons,1211
2020,Glenelg,Not authorised,109
2020,Glenelg,Other,161
2020,Glenelg,Unsolved,325
2020,Golden Plains,Arrest/Summons,249
2020,Golden Plains,Not authorised,53
2020,Golden Plains,Other,30
2020,Golden Plains,Unsolved,308
2020,Greater Bendigo,Arrest/Summons,6096
2020,Greater Bendigo,Not authorised,680
2020,Greater Bendigo,Other,861
2020,Greater Bendigo,Unsolved,3529
2020,Greater Dandenong,Arrest/Summons,9103
2020,Greater Dandenong,Not authorised,1495
2020,Greater Dandenong,Other,1249
2020,Greater Dandenong,Unsolved,7215
2020,Greater Geelong,Arrest/Summons,11287
2020,Greater Geelong,Not authorised,1156
2020,Greater Geelong,Other,1237
2020,Greater Geelong,Unsolved,8644
2020,Greater Shepparton,Arrest/Summons,4902
2020,Greater Shepparton,Not authorised,620
2020,Greater Shepparton,Other,467
2020,Greater Shepparton,Unsolved,2726
2020,Hepburn,Arrest/Summons,370
2020,Hepburn,Not authorised,66
2020,Hepburn,Other,55
2020,Hepburn,Unsolved,394
2020,Hindmarsh,Arrest/Summons,196
2020,Hindmarsh,Not authorised,27
2020,Hindmarsh,Other,40
2020,Hindmarsh,Unsolved,86
2020,Hobsons Bay,Arrest/Summons,2656
2020,Hobsons Bay,Not authorised,370
2020,Hobsons Bay,Other,509
2020,Hobsons Bay,Unsolved,2516
2020,Horsham,Arrest/Summons,1448
2020,Horsham,Not authorised,120
2020,Horsham,Other,176
2020,Horsham,Unsolved,292
2020,Hume,Arrest/Summons,10740
2020,Hume,Not authorised,1716
2020,Hume,Other,1501
2020,Hume,Unsolved,7634
2020,Indigo,Arrest/Summons,245
2020,Indigo,Not authorised,24
2020,Indigo,Other,46
2020,Indigo,Unsolved,248
2020,Kingston,Arrest/Summons,5596
2020,Kingston,Not authorised,909
2020,Kingston,Other,918
2020,Kingston,Unsolved,4676
2020,Knox,Arrest/Summons,5566
2020,Knox,Not authorised,886
2020,Knox,Other,723
2020,Knox,Unsolved,4727
2020,Latrobe,Arrest/Summons,8094
2020,Latrobe,Not authorised,1164
2020,Latrobe,Other,734
2020,Latrobe,Unsolved,3896
2020,Loddon,Arrest/Summons,260
2020,Loddon,Not authorised,23
2020,Loddon,Other,35
2020,Loddon,Unsolved,167
2020,Macedon Ranges,Arrest/Summons,1280
2020,Macedon Ranges,Not authorised,146
2020,Macedon Ranges,Other,159
2020,Macedon Ranges,Unsolved,808
2020,Manningham,Arrest/Summons,1942
2020,Manningham,Not authorised,339
2020,Manningham,Other,320
2020,Manningham,Unsolved,2367
2020,Mansfield,Arrest/Summons,266
2020,Mansfield,Not authorised,40
2020,Mansfield,Other,45
2020,Mansfield,Unsolved,135
2020,Maribyrnong,Arrest/Summons,4110
2020,Maribyrnong,Not authorised,334
2020,Maribyrnong,Other,535
2020,Maribyrnong,Unsolved,4400
2020,Maroondah,Arrest/Summons,4131
2020,Maroondah,Not authorised,601
2020,Maroondah,Other,626
2020,Maroondah,Unsolved,2633
2020,Melbourne,Arrest/Summons,17585
2020,Melbourne,Not authorised,1405
2020,Melbourne,Other,3881
2020,Melbourne,Unsolved,13488
2020,Melton,Arrest/Summons,6768
2020,Melton,Not authorised,724
2020,Melton,Other,479
2020,Melton,Unsolved,5083
2020,Mildura,Arrest/Summons,4249
2020,Mildura,Not authorised,536
2020,Mildura,Other,717
2020,Mildura,Unsolved,1951
2020,Mitchell,Arrest/Summons,2685
2020,Mitchell,Not authorised,456
2020,Mitchell,Other,288
2020,Mitchell,Unsolved,1223
2020,Moira,Arrest/Summons,1471
2020,Moira,Not authorised,139
2020,Moira,Other,141
2020,Moira,Unsolved,728
2020,Monash,Arrest/Summons,4451
2020,Monash,Not authorised,705
2020,Monash,Other,793
2020,Monash,Unsolved,6050
2020,Moonee Valley,Arrest/Summons,3699
2020,Moonee Valley,Not authorised,597
2020,Moonee Valley,Other,587
2020,Moonee Valley,Unsolved,3816
2020,Moorabool,Arrest/Summons,1092
2020,Moorabool,Not authorised,119
2020,Moorabool,Other,100
2020,Moorabool,Unsolved,899
2020,Moreland,Arrest/Summons,5986
2020,Moreland,Not authorised,992
2020,Moreland,Other,741
2020,Moreland,Unsolved,6720
2020,Mornington Peninsula,Arrest/Summons,5226
2020,Mornington Peninsula,Not authorised,750
2020,Mornington Peninsula,Other,1075
2020,Mornington Peninsula,Unsolved,4266
2020,Mount Alexander,Arrest/Summons,660
2020,Mount Alexander,Not authorised,65
2020,Mount Alexander,Other,91
2020,Mount Alexander,Unsolved,393
2020,Moyne,Arrest/Summons,368
2020,Moyne,Not authorised,51
2020,Moyne,Other,65
2020,Moyne,Unsolved,187
2020,Murrindindi,Arrest/Summons,315
2020,Murrindindi,Not authorised,90
2020,Murrindindi,Other,94
2020,Murrindindi,Unsolved,280
2020,Nillumbik,Arrest/Summons,1056
2020,Nillumbik,Not authorised,244
2020,Nillumbik,Other,127
2020,Nillumbik,Unsolved,864
2020,Northern Grampians,Arrest/Summons,618
2020,Northern Grampians,Not authorised,93
2020,Northern Grampians,Other,101
2020,Northern Grampians,Unsolved,240
2020,Port Phillip,Arrest/Summons,5502
2020,Port Phillip,Not authorised,674
2020,Port Phillip,Other,870
2020,Port Phillip,Unsolved,5919
2020,Pyrenees,Arrest/Summons,308
2020,Pyrenees,Not authorised,30
2020,Pyrenees,Other,35
2020,Pyrenees,Unsolved,191
2020,Queenscliffe,Arrest/Summons,33
2020,Queenscliffe,Not authorised,3
2020,Queenscliffe,Other,9
2020,Queenscliffe,Unsolved,75
2020,South Gippsland,Arrest/Summons,981
2020,South Gippsland,Not authorised,129
2020,South Gippsland,Other,103
2020,South Gippsland,Unsolved,545
2020,Southern Grampians,Arrest/Summons,625
2020,Southern Grampians,Not authorised,65
2020,Southern Grampians,Other,121
2020,Southern Grampians,Unsolved,303
2020,Stonnington,Arrest/Summons,4623
2020,Stonnington,Not authorised,661
2020,Stonnington,Other,889
2020,Stonnington,Unsolved,5917
2020,Strathbogie,Arrest/Summons,291
2020,Strathbogie,Not authorised,70
2020,Strathbogie,Other,42
2020,Strathbogie,Unsolved,240
2020,Surf Coast,Arrest/Summons,546
2020,Surf Coast,Not authorised,94
2020,Surf Coast,Other,107
2020,Surf Coast,Unsolved,556
2020,Swan Hill,Arrest/Summons,1495
2020,Swan Hill,Not authorised,169
2020,Swan Hill,Other,253
2020,Swan Hill,Unsolved,506
2020,Towong,Arrest/Summons,121
2020,Towong,Not authorised,9
2020,Towong,Other,22
2020,Towong,Unsolved,78
2020,Wangaratta,Arrest/Summons,1449
2020,Wangaratta,Not authorised,213
2020,Wangaratta,Other,240
2020,Wangaratta,Unsolved,557
2020,Warrnambool,Arrest/Summons,1971
2020,Warrnambool,Not authorised,227
2020,Warrnambool,Other,296
2020,Warrnambool,Unsolved,799
2020,Wellington,Arrest/Summons,2601
2020,Wellington,Not authorised,659
2020,Wellington,Other,314
2020,Wellington,Unsolved,1097
2020,West Wimmera,Arrest/Summons,111
2020,West Wimmera,Not authorised,9
2020,West Wimmera,Other,13
2020,West Wimmera,Unsolved,49
2020,Whitehorse,Arrest/Summons,3656
2020,Whitehorse,Not authorised,532
2020,Whitehorse,Other,514
2020,Whitehorse,Unsolved,4631
2020,Whittlesea,Arrest/Summons,7717
2020,Whittlesea,Not authorised,1743
2020,Whittlesea,Other,858
2020,Whittlesea,Unsolved,6357
2020,Wodonga,Arrest/Summons,2133
2020,Wodonga,Not authorised,142
2020,Wodonga,Other,291
2020,Wodonga,Unsolved,1270
2020,Wyndham,Arrest/Summons,8108
2020,Wyndham,Not authorised,903
2020,Wyndham,Other,1115
2020,Wyndham,Unsolved,7137
2020,Yarra,Arrest/Summons,5364
2020,Yarra,Not authorised,643
2020,Yarra,Other,853
2020,Yarra,Unsolved,7168
2020,Yarra Ranges,Arrest/Summons,4490
2020,Yarra Ranges,Not authorised,658
2020,Yarra Ranges,Other,695
2020,Yarra Ranges,Unsolved,3076
2020,Yarriambiack,Arrest/Summons,322
2020,Yarriambiack,Not authorised,41
2020,Yarriambiack,Other,36
2020,Yarriambiack,Unsolved,114
2019,Alpine,Arrest/Summons,390
2019,Alpine,Not authorised,29
2019,Alpine,Other,35
2019,Alpine,Unsolved,119
2019,Ararat,Arrest/Summons,936
2019,Ararat,Not authorised,86
2019,Ararat,Other,151
2019,Ararat,Unsolved,218
2019,Ballarat,Arrest/Summons,5640
2019,Ballarat,Not authorised,459
2019,Ballarat,Other,575
2019,Ballarat,Unsolved,4193
2019,Banyule,Arrest/Summons,5172
2019,Banyule,Not authorised,463
2019,Banyule,Other,388
2019,Banyule,Unsolved,3185
2019,Bass Coast,Arrest/Summons,1289
2019,Bass Coast,Not authorised,182
2019,Bass Coast,Other,211
2019,Bass Coast,Unsolved,703
2019,Baw Baw,Arrest/Summons,2632
2019,Baw Baw,Not authorised,267
2019,Baw Baw,Other,321
2019,Baw Baw,Unsolved,1278
2019,Bayside,Arrest/Summons,1632
2019,Bayside,Not authorised,374
2019,Bayside,Other,330
2019,Bayside,Unsolved,2258
2019,Benalla,Arrest/Summons,703
2019,Benalla,Not authorised,128
2019,Benalla,Other,90
2019,Benalla,Unsolved,280
2019,Boroondara,Arrest/Summons,2736
2019,Boroondara,Not authorised,331
2019,Boroondara,Other,403
2019,Boroondara,Unsolved,3763
2019,Brimbank,Arrest/Summons,10315
2019,Brimbank,Not authorised,876
2019,Brimbank,Other,855
2019,Brimbank,Unsolved,7150
2019,Buloke,Arrest/Summons,100
2019,Buloke,Not authorised,14
2019,Buloke,Other,51
2019,Buloke,Unsolved,100
2019,Campaspe,Arrest/Summons,2147
2019,Campaspe,Not authorised,211
2019,Campaspe,Other,225
2019,Campaspe,Unsolved,1438
2019,Cardinia,Arrest/Summons,3003
2019,Cardinia,Not authorised,515
2019,Cardinia,Other,497
2019,Cardinia,Unsolved,2262
2019,Casey,Arrest/Summons,9616
2019,Casey,Not authorised,2200
2019,Casey,Other,1476
2019,Casey,Unsolved,8181
2019,Central Goldfields,Arrest/Summons,752
2019,Central Goldfields,Not authorised,130
2019,Central Goldfields,Other,123
2019,Central Goldfields,Unsolved,255
2019,Colac-Otway,Arrest/Summons,863
2019,Colac-Otway,Not authorised,135
2019,Colac-Otway,Other,141
2019,Colac-Otway,Unsolved,508
2019,Corangamite,Arrest/Summons,412
2019,Corangamite,Not authorised,41
2019,Corangamite,Other,34
2019,Corangamite,Unsolved,185
2019,Darebin,Arrest/Summons,6846
2019,Darebin,Not authorised,736
2019,Darebin,Other,688
2019,Darebin,Unsolved,6578
2019,East Gippsland,Arrest/Summons,2796
2019,East Gippsland,Not authorised,552
2019,East Gippsland,Other,374
2019,East Gippsland,Unsolved,841
2019,Frankston,Arrest/Summons,8431
2019,Frankston,Not authorised,785
2019,Frankston,Other,1168
2019,Frankston,Unsolved,4403
2019,Gannawarra,Arrest/Summons,477
2019,Gannawarra,Not authorised,81
2019,Gannawarra,Other,55
2019,Gannawarra,Unsolved,173
2019,Glen Eira,Arrest/Summons,2301
2019,Glen Eira,Not authorised,454
2019,Glen Eira,Other,580
2019,Glen Eira,Unsolved,3000
2019,Glenelg,Arrest/Summons,702
2019,Glenelg,Not authorised,99
2019,Glenelg,Other,157
2019,Glenelg,Unsolved,285
2019,Golden Plains,Arrest/Summons,233
2019,Golden Plains,Not authorised,44
2019,Golden Plains,Other,57
2019,Golden Plains,Unsolved,333
2019,Greater Bendigo,Arrest/Summons,6554
2019,Greater Bendigo,Not authorised,595
2019,Greater Bendigo,Other,902
2019,Greater Bendigo,Unsolved,2967
2019,Greater Dandenong,Arrest/Summons,8637
2019,Greater Dandenong,Not authorised,1320
2019,Greater Dandenong,Other,1293
2019,Greater Dandenong,Unsolved,6728
2019,Greater Geelong,Arrest/Summons,10643
2019,Greater Geelong,Not authorised,1089
2019,Greater Geelong,Other,1261
2019,Greater Geelong,Unsolved,7638
2019,Greater Shepparton,Arrest/Summons,5388
2019,Greater Shepparton,Not authorised,529
2019,Greater Shepparton,Other,543
2019,Greater Shepparton,Unsolved,2477
2019,Hepburn,Arrest/Summons,256
2019,Hepburn,Not authorised,63
2019,Hepburn,Other,59
2019,Hepburn,Unsolved,376
2019,Hindmarsh,Arrest/Summons,202
2019,Hindmarsh,Not authorised,35
2019,Hindmarsh,Other,35
2019,Hindmarsh,Unsolved,72
2019,Hobsons Bay,Arrest/Summons,3351
2019,Hobsons Bay,Not authorised,370
2019,Hobsons Bay,Other,451
2019,Hobsons Bay,Unsolved,2144
2019,Horsham,Arrest/Summons,2109
2019,Horsham,Not authorised,170
2019,Horsham,Other,238
2019,Horsham,Unsolved,337
2019,Hume,Arrest/Summons,10873
2019,Hume,Not authorised,1588
2019,Hume,Other,1321
2019,Hume,Unsolved,7390
2019,Indigo,Arrest/Summons,256
2019,Indigo,Not authorised,23
2019,Indigo,Other,47
2019,Indigo,Unsolved,180
2019,Kingston,Arrest/Summons,5297
2019,Kingston,Not authorised,818
2019,Kingston,Other,887
2019,Kingston,Unsolved,4290
2019,Knox,Arrest/Summons,5447
2019,Knox,Not authorised,787
2019,Knox,Other,759
2019,Knox,Unsolved,4046
2019,Latrobe,Arrest/Summons,9624
2019,Latrobe,Not authorised,1068
2019,Latrobe,Other,788
2019,Latrobe,Unsolved,3135
2019,Loddon,Arrest/Summons,254
2019,Loddon,Not authorised,34
2019,Loddon,Other,27
2019,Loddon,Unsolved,177
2019,Macedon Ranges,Arrest/Summons,1254
2019,Macedon Ranges,Not authorised,156
2019,Macedon Ranges,Other,156
2019,Macedon Ranges,Unsolved,904
2019,Manningham,Arrest/Summons,1964
2019,Manningham,Not authorised,306
2019,Manningham,Other,232
2019,Manningham,Unsolved,2045
2019,Mansfield,Arrest/Summons,227
2019,Mansfield,Not authorised,37
2019,Mansfield,Other,29
2019,Mansfield,Unsolved,148
2019,Maribyrnong,Arrest/Summons,3572
2019,Maribyrnong,Not authorised,328
2019,Maribyrnong,Other,505
2019,Maribyrnong,Unsolved,3783
2019,Maroondah,Arrest/Summons,4706
2019,Maroondah,Not authorised,580
2019,Maroondah,Other,595
2019,Maroondah,Unsolved,2432
2019,Melbourne,Arrest/Summons,18071
2019,Melbourne,Not authorised,1403
2019,Melbourne,Other,4433
2019,Melbourne,Unsolved,11719
2019,Melton,Arrest/Summons,5472
2019,Melton,Not authorised,701
2019,Melton,Other,480
2019,Melton,Unsolved,4408
2019,Mildura,Arrest/Summons,4392
2019,Mildura,Not authorised,389
2019,Mildura,Other,758
2019,Mildura,Unsolved,1825
2019,Mitchell,Arrest/Summons,2651
2019,Mitchell,Not authorised,402
2019,Mitchell,Other,324
2019,Mitchell,Unsolved,1071
2019,Moira,Arrest/Summons,1248
2019,Moira,Not authorised,143
2019,Moira,Other,114
2019,Moira,Unsolved,683
2019,Monash,Arrest/Summons,4246
2019,Monash,Not authorised,709
2019,Monash,Other,674
2019,Monash,Unsolved,4738
2019,Moonee Valley,Arrest/Summons,3311
2019,Moonee Valley,Not authorised,558
2019,Moonee Valley,Other,592
2019,Moonee Valley,Unsolved,3629
2019,Moorabool,Arrest/Summons,1218
2019,Moorabool,Not authorised,128
2019,Moorabool,Other,130
2019,Moorabool,Unsolved,813
2019,Moreland,Arrest/Summons,6073
2019,Moreland,Not authorised,1029
2019,Moreland,Other,770
2019,Moreland,Unsolved,6726
2019,Mornington Peninsula,Arrest/Summons,5512
2019,Mornington Peninsula,Not authorised,586
2019,Mornington Peninsula,Other,1156
2019,Mornington Peninsula,Unsolved,3621
2019,Mount Alexander,Arrest/Summons,521
2019,Mount Alexander,Not authorised,73
2019,Mount Alexander,Other,86
2019,Mount Alexander,Unsolved,280
2019,Moyne,Arrest/Summons,310
2019,Moyne,Not authorised,57
2019,Moyne,Other,52
2019,Moyne,Unsolved,167
2019,Murrindindi,Arrest/Summons,352
2019,Murrindindi,Not authorised,85
2019,Murrindindi,Other,95
2019,Murrindindi,Unsolved,228
2019,Nillumbik,Arrest/Summons,848
2019,Nillumbik,Not authorised,211
2019,Nillumbik,Other,169
2019,Nillumbik,Unsolved,860
2019,Northern Grampians,Arrest/Summons,519
2019,Northern Grampians,Not authorised,110
2019,Northern Grampians,Other,117
2019,Northern Grampians,Unsolved,237
2019,Port Phillip,Arrest/Summons,5594
2019,Port Phillip,Not authorised,689
2019,Port Phillip,Other,971
2019,Port Phillip,Unsolved,5524
2019,Pyrenees,Arrest/Summons,336
2019,Pyrenees,Not authorised,38
2019,Pyrenees,Other,81
2019,Pyrenees,Unsolved,177
2019,Queenscliffe,Arrest/Summons,230
2019,Queenscliffe,Not authorised,10
2019,Queenscliffe,Other,10
2019,Queenscliffe,Unsolved,71
2019,South Gippsland,Arrest/Summons,909
2019,South Gippsland,Not authorised,101
2019,South Gippsland,Other,85
2019,South Gippsland,Unsolved,347
2019,Southern Grampians,Arrest/Summons,1036
2019,Southern Grampians,Not authorised,138
2019,Southern Grampians,Other,163
2019,Southern Grampians,Unsolved,231
2019,Stonnington,Arrest/Summons,4527
2019,Stonnington,Not authorised,493
2019,Stonnington,Other,998
2019,Stonnington,Unsolved,4483
2019,Strathbogie,Arrest/Summons,291
2019,Strathbogie,Not authorised,62
2019,Strathbogie,Other,50
2019,Strathbogie,Unsolved,200
2019,Surf Coast,Arrest/Summons,571
2019,Surf Coast,Not authorised,91
2019,Surf Coast,Other,86
2019,Surf Coast,Unsolved,452
2019,Swan Hill,Arrest/Summons,1732
2019,Swan Hill,Not authorised,164
2019,Swan Hill,Other,227
2019,Swan Hill,Unsolved,505
2019,Towong,Arrest/Summons,92
2019,Towong,Not authorised,9
2019,Towong,Other,16
2019,Towong,Unsolved,89
2019,Wangaratta,Arrest/Summons,1380
2019,Wangaratta,Not authorised,167
2019,Wangaratta,Other,249
2019,Wangaratta,Unsolved,481
2019,Warrnambool,Arrest/Summons,2650
2019,Warrnambool,Not authorised,294
2019,Warrnambool,Other,354
2019,Warrnambool,Unsolved,740
2019,Wellington,Arrest/Summons,2453
2019,Wellington,Not authorised,498
2019,Wellington,Other,293
2019,Wellington,Unsolved,895
2019,West Wimmera,Arrest/Summons,74
2019,West Wimmera,Not authorised,14
2019,West Wimmera,Other,19
2019,West Wimmera,Unsolved,53
2019,Whitehorse,Arrest/Summons,3863
2019,Whitehorse,Not authorised,442
2019,Whitehorse,Other,462
2019,Whitehorse,Unsolved,3691
2019,Whittlesea,Arrest/Summons,7806
2019,Whittlesea,Not authorised,1484
2019,Whittlesea,Other,912
2019,Whittlesea,Unsolved,5847
2019,Wodonga,Arrest/Summons,1842
2019,Wodonga,Not authorised,109
2019,Wodonga,Other,268
2019,Wodonga,Unsolved,952
2019,Wyndham,Arrest/Summons,7703
2019,Wyndham,Not authorised,891
2019,Wyndham,Other,968
2019,Wyndham,Unsolved,5397
2019,Yarra,Arrest/Summons,4860
2019,Yarra,Not authorised,568
2019,Yarra,Other,850
2019,Yarra,Unsolved,7173
2019,Yarra Ranges,Arrest/Summons,4440
2019,Yarra Ranges,Not authorised,622
2019,Yarra Ranges,Other,594
2019,Yarra Ranges,Unsolved,2601
2019,Yarriambiack,Arrest/Summons,225
2019,Yarriambiack,Not authorised,47
2019,Yarriambiack,Other,41
2019,Yarriambiack,Unsolved,109
